Workbook
Name Slicer_cnt: #N/A
Name Slicer_dteday: #N/A

Sheet dataset_3
A1: instant | B1: dteday | C1: season | D1: yr | E1: mnth | F1: hr | G1: holiday | H1: weekday | I1: weathersit | J1: temp | K1: atemp | L1: hum | M1: windspeed | N1: casual | O1: registered | P1: cnt
A2: 611 | B2: 40571 | C2: 1 | D2: 0 | E2: 1 | F2: 16 | G2: FALSE | H2: 5 | I2: 1 | J2: 0.22 | K2: 0.2727 | L2: 0.8 | M2: 0 | N2: 10 | O2: 70 | P2: 80
A3: 612 | B3: 40571 | C3: 1 | D3: 0 | E3: 1 | F3: 17 | G3: FALSE | H3: 5 | I3: 1 | J3: 0.24 | K3: 0.2424 | L3: 0.75 | M3: 0.1343 | N3: 2 | O3: 147 | P3: 149
A4: 613 | B4: 40571 | C4: 1 | D4: 0 | E4: 1 | F4: 18 | G4: FALSE | H4: 5 | I4: 1 | J4: 0.24 | K4: 0.2273 | L4: 0.75 | M4: 0.194 | N4: 2 | O4: 107 | P4: 109
A5: 614 | B5: 40571 | C5: 1 | D5: 0 | E5: 1 | F5: 19 | G5: FALSE | H5: 5 | I5: 2 | J5: 0.24 | K5: 0.2424 | L5: 0.75 | M5: 0.1343 | N5: 5 | O5: 84 | P5: 89
A6: 615 | B6: 40571 | C6: 1 | D6: 0 | E6: 1 | F6: 20 | G6: FALSE | H6: 5 | I6: 2 | J6: 0.24 | K6: 0.2273 | L6: 0.7 | M6: 0.194 | N6: 1 | O6: 61 | P6: 62
A7: 616 | B7: 40571 | C7: 1 | D7: 0 | E7: 1 | F7: 21 | G7: FALSE | H7: 5 | I7: 2 | J7: 0.22 | K7: 0.2273 | L7: 0.75 | M7: 0.1343 | N7: 1 | O7: 57 | P7: 58
A8: 617 | B8: 40571 | C8: 1 | D8: 0 | E8: 1 | F8: 22 | G8: FALSE | H8: 5 | I8: 1 | J8: 0.24 | K8: 0.2121 | L8: 0.65 | M8: 0.3582 | N8: 0 | O8: 26 | P8: 26
A9: 618 | B9: 40571 | C9: 1 | D9: 0 | E9: 1 | F9: 23 | G9: FALSE | H9: 5 | I9: 1 | J9: 0.24 | K9: 0.2273 | L9: 0.6 | M9: 0.2239 | N9: 1 | O9: 22 | P9: 23
A10: 619 | B10: 40572 | C10: 1 | D10: 0 | E10: 1 | F10: 0 | G10: FALSE | H10: 6 | I10: 1 | J10: 0.22 | K10: 0.197 | L10: 0.64 | M10: 0.3582 | N10: 2 | O10: 26 | P10: 28
A11: 620 | B11: 40572 | C11: 1 | D11: 0 | E11: 1 | F11: 1 | G11: FALSE | H11: 6 | I11: 1 | J11: 0.22 | K11: 0.2273 | L11: 0.64 | M11: 0.194 | N11: 0 | O11: 20 | P11: 20
A12: 621 | B12: 40572 | C12: 1 | D12: 0 | E12: 1 | F12: 2 | G12: FALSE | H12: 6 | I12: 1 | J12: 0.22 | K12: 0.2273 | L12: 0.64 | M12: 0.1642 | N12: 0 | O12: 15 | P12: 15
A13: 622 | B13: 40572 | C13: 1 | D13: 0 | E13: 1 | F13: 3 | G13: FALSE | H13: 6 | I13: 1 | J13: 0.2 | K13: 0.2121 | L13: 0.64 | M13: 0.1343 | N13: 3 | O13: 5 | P13: 8
... A391: 1000 | B391: 40588 | C391: 1 | D391: 0 | E391: 2 | F391: 7 | G391: FALSE | H391: 1 | I391: 1 | J391: 0.34 | K391: 0.303 | L391: 0.46 | M391: 0.2985 | N391: 2 | O391: 96 | P391: 98

Sheet DATASET 1
A1: instant | B1: dteday | C1: season | D1: yr | E1: mnth | F1: hr | G1: holiday | H1: weekday | I1: weathersit | J1: temp
A2: 1 | B2: 40544 | C2: 1 | D2: 0 | E2: 1 | F2: 0 | G2: FALSE | H2: 6 | I2: 1 | J2: 0.24
A3: 2 | B3: 40544 | C3: 1 | D3: 0 | E3: 1 | F3: 1 | G3: FALSE | H3: 6 | I3: 1 | J3: 0.22
A4: 3 | B4: 40544 | C4: 1 | D4: 0 | E4: 1 | F4: 2 | G4: FALSE | H4: 6 | I4: 1 | J4: 0.22
A5: 4 | B5: 40544 | C5: 1 | D5: 0 | E5: 1 | F5: 3 | G5: FALSE | H5: 6 | I5: 1 | J5: 0.24
A6: 5 | B6: 40544 | C6: 1 | D6: 0 | E6: 1 | F6: 4 | G6: FALSE | H6: 6 | I6: 1 | J6: 0.24
A7: 6 | B7: 40544 | C7: 1 | D7: 0 | E7: 1 | F7: 5 | G7: FALSE | H7: 6 | I7: 2 | J7: 0.24
A8: 7 | B8: 40544 | C8: 1 | D8: 0 | E8: 1 | F8: 6 | G8: FALSE | H8: 6 | I8: 1 | J8: 0.22
A9: 8 | B9: 40544 | C9: 1 | D9: 0 | E9: 1 | F9: 7 | G9: FALSE | H9: 6 | I9: 1 | J9: 0.2
A10: 9 | B10: 40544 | C10: 1 | D10: 0 | E10: 1 | F10: 8 | G10: FALSE | H10: 6 | I10: 1 | J10: 0.24
A11: 10 | B11: 40544 | C11: 1 | D11: 0 | E11: 1 | F11: 9 | G11: FALSE | H11: 6 | I11: 1 | J11: 0.32
A12: 11 | B12: 40544 | C12: 1 | D12: 0 | E12: 1 | F12: 10 | G12: FALSE | H12: 6 | I12: 1 | J12: 0.38
A13: 12 | B13: 40544 | C13: 1 | D13: 0 | E13: 1 | F13: 11 | G13: FALSE | H13: 6 | I13: 1 | J13: 0.36
... A611: 610 | B611: 40571 | C611: 1 | D611: 0 | E611: 1 | F611: 15 | G611: FALSE | H611: 5 | I611: 2 | J611: 0.2

Sheet DATA SHEET 2
A1: instant | B1: atemp | C1: hum | D1: windspeed | E1: casual | F1: registered | G1: cnt
A2: 1 | B2: 0.2879 | C2: 0.81 | D2: 0 | E2: 3 | F2: 13 | G2: 16
A3: 2 | B3: 0.2727 | C3: 0.8 | D3: 0 | E3: 8 | F3: 32 | G3: 40
A4: 3 | B4: 0.2727 | C4: 0.8 | D4: 0 | E4: 5 | F4: 27 | G4: 32
A5: 4 | B5: 0.2879 | C5: 0.75 | D5: 0 | E5: 3 | F5: 10 | G5: 13
A6: 5 | B6: 0.2879 | C6: 0.75 | D6: 0 | E6: 0 | F6: 1 | G6: 1
A7: 6 | B7: 0.2576 | C7: 0.75 | D7: 0.0896 | E7: 0 | F7: 1 | G7: 1
A8: 7 | B8: 0.2727 | C8: 0.8 | D8: 0 | E8: 2 | F8: 0 | G8: 2
A9: 8 | B9: 0.2576 | C9: 0.86 | D9: 0 | E9: 1 | F9: 2 | G9: 3
A10: 9 | C10: 0.75 | D10: 0 | E10: 1 | F10: 7 | G10: 8
A11: 10 | B11: 0.3485 | C11: 0.76 | D11: 0 | E11: 8 | F11: 6 | G11: 14
A12: 11 | B12: 0.3939 | C12: 0.76 | D12: 0.2537 | E12: 12 | F12: 24 | G12: 36
A13: 12 | B13: 0.3333 | C13: 0.81 | D13: 0.2836 | E13: 26 | F13: 30 | G13: 56
A14: 13 | B14: 0.4242 | C14: 0.77 | D14: 0.2836 | E14: 29 | F14: 55 | G14: 84
A15: 14 | B15: 0.4545 | C15: 0.72 | D15: 0.2985 | E15: 47 | F15: 47 | G15: 94
A16: 15 | B16: 0.4545 | C16: 0.72 | D16: 0.2836 | E16: 35 | F16: 71 | G16: 106
A17: 16 | B17: 0.4394 | C17: 0.77 | D17: 0.2985 | E17: 40 | F17: 70 | G17: 110
A18: 17 | B18: 0.4242 | C18: 0.82 | D18: 0.2985 | E18: 41 | F18: 52 | G18: 93
A19: 18 | C19: 0.82 | D19: 0.2836 | E19: 15 | F19: 52 | G19: 67
A20: 19 | B20: 0.4242 | C20: 0.88 | D20: 0.2537 | E20: 9 | F20: 26 | G20: 35
A21: 20 | B21: 0.4242 | C21: 0.88 | D21: 0.2537 | E21: 6 | F21: 31 | G21: 37
A22: 21 | B22: 0.4091 | C22: 0.87 | D22: 0.2537 | E22: 11 | F22: 25 | G22: 36
A23: 22 | B23: 0.4091 | C23: 0.87 | D23: 0.194 | E23: 3 | F23: 31 | G23: 34
A24: 23 | B24: 0.4091 | C24: 0.94 | D24: 0.2239 | E24: 11 | F24: 17 | G24: 28
A25: 24 | C25: 0.88 | D25: 0.2985 | E25: 15 | F25: 24 | G25: 39
A26: 25 | B26: 0.4545 | C26: 0.88 | D26: 0.2985 | E26: 4 | F26: 13 | G26: 17
A27: 26 | B27: 0.4394 | C27: 0.94 | D27: 0.2537 | E27: 1 | F27: 16 | G27: 17
A28: 27 | B28: 0.4242 | C28: 1 | D28: 0.2836 | E28: 1 | F28: 8 | G28: 9
A29: 28 | B29: 0.4545 | C29: 0.94 | D29: 0.194 | E29: 2 | F29: 4 | G29: 6
A30: 29 | C30: 0.94 | D30: 0.194 | E30: 2 | F30: 1 | G30: 3
A31: 30 | B31: 0.4242 | C31: 0.77 | D31: 0.2985 | E31: 0 | F31: 2 | G31: 2
A32: 31 | B32: 0.4091 | C32: 0.76 | D32: 0.194 | E32: 0 | F32: 1 | G32: 1
A33: 32 | B33: 0.4091 | C33: 0.71 | D33: 0.2239 | E33: 0 | F33: 8 | G33: 8
A34: 33 | C34: 0.76 | D34: 0.2239 | E34: 1 | F34: 19 | G34: 20
A35: 34 | B35: 0.3485 | C35: 0.81 | D35: 0.2239 | E35: 7 | F35: 46 | G35: 53
A36: 35 | B36: 0.3333 | C36: 0.71 | D36: 0.2537 | E36: 16 | F36: 54 | G36: 70
A37: 36 | B37: 0.3333 | C37: 0.66 | D37: 0.2985 | E37: 20 | F37: 73 | G37: 93
A38: 37 | B38: 0.3485 | C38: 0.66 | D38: 0.1343 | E38: 11 | F38: 64 | G38: 75
A39: 38 | C39: 0.76 | D39: 0.194 | E39: 4 | F39: 55 | G39: 59
A40: 39 | B40: 0.3333 | C40: 0.81 | D40: 0.1642 | E40: 19 | F40: 55 | G40: 74
A41: 40 | B41: 0.3333 | C41: 0.71 | D41: 0.1642 | E41: 9 | F41: 67 | G41: 76
A42: 41 | B42: 0.3333 | C42: 0.57 | D42: 0.194 | E42: 7 | F42: 58 | G42: 65
A43: 42 | B43: 0.3333 | C43: 0.46 | D43: 0.3284 | E43: 10 | F43: 43 | G43: 53
A44: 43 | B44: 0.2879 | C44: 0.42 | D44: 0.4478 | E44: 1 | F44: 29 | G44: 30
A45: 44 | C45: 0.39 | D45: 0.3582 | E45: 5 | F45: 17 | G45: 22
A46: 45 | B46: 0.2273 | C46: 0.44 | D46: 0.3284 | E46: 11 | F46: 20 | G46: 31
A47: 46 | B47: 0.2121 | C47: 0.44 | D47: 0.2985 | E47: 0 | F47: 9 | G47: 9
A48: 47 | B48: 0.2273 | C48: 0.47 | D48: 0.1642 | E48: 0 | F48: 8 | G48: 8
A49: 48 | B49: 0.197 | C49: 0.44 | D49: 0.3582 | E49: 0 | F49: 5 | G49: 5
A50: 49 | C50: 0.44 | D50: 0.4179 | E50: 0 | F50: 2 | G50: 2
A51: 50 | B51: 0.1364 | C51: 0.47 | D51: 0.3881 | E51: 0 | F51: 1 | G51: 1
A52: 51 | B52: 0.1364 | C52: 0.47 | D52: 0.2836 | E52: 0 | F52: 3 | G52: 3
A53: 52 | B53: 0.1061 | C53: 0.5 | D53: 0.3881 | E53: 0 | F53: 30 | G53: 30
A54: 53 | B54: 0.1364 | C54: 0.5 | D54: 0.194 | E54: 1 | F54: 63 | G54: 64
A55: 54 | B55: 0.1212 | C55: 0.5 | D55: 0.2836 | E55: 1 | F55: 153 | G55: 154
A56: 55 | B56: 0.1364 | C56: 0.43 | D56: 0.3881 | E56: 7 | F56: 81 | G56: 88
A57: 56 | B57: 0.1667 | C57: 0.43 | D57: 0.2537 | E57: 11 | F57: 33 | G57: 44
A58: 57 | B58: 0.1818 | C58: 0.4 | D58: 0.3284 | E58: 10 | F58: 41 | G58: 51
A59: 58 | B59: 0.2121 | C59: 0.35 | D59: 0.2985 | E59: 13 | F59: 48 | G59: 61
A60: 59 | C60: 0.35 | D60: 0.2836 | E60: 8 | F60: 53 | G60: 61
A61: 60 | B61: 0.2424 | C61: 0.3 | D61: 0.2836 | E61: 11 | F61: 66 | G61: 77
A62: 61 | B62: 0.2424 | C62: 0.3 | D62: 0.2537 | E62: 14 | F62: 58 | G62: 72
A63: 62 | B63: 0.2424 | C63: 0.3 | D63: 0.2537 | E63: 9 | F63: 67 | G63: 76
A64: 63 | B64: 0.2273 | C64: 0.3 | D64: 0.2239 | E64: 11 | F64: 146 | G64: 157
A65: 64 | B65: 0.2576 | C65: 0.32 | D65: 0.1045 | E65: 9 | F65: 148 | G65: 157
A66: 65 | B66: 0.2576 | C66: 0.47 | D66: 0 | E66: 8 | F66: 102 | G66: 110
A67: 66 | C67: 0.47 | D67: 0.1045 | E67: 3 | F67: 49 | G67: 52
A68: 67 | B68: 0.197 | C68: 0.64 | D68: 0.1343 | E68: 3 | F68: 49 | G68: 52
A69: 68 | B69: 0.1515 | C69: 0.69 | D69: 0.1343 | E69: 0 | F69: 20 | G69: 20
A70: 69 | B70: 0.2121 | C70: 0.55 | D70: 0.1045 | E70: 1 | F70: 11 | G70: 12
A71: 70 | C71: 0.55 | D71: 0.1045 | E71: 0 | F71: 5 | G71: 5
A72: 71 | B72: 0.1818 | C72: 0.59 | D72: 0.1045 | E72: 0 | F72: 2 | G72: 2
A73: 72 | B73: 0.1515 | C73: 0.63 | D73: 0.1343 | E73: 0 | F73: 1 | G73: 1
A74: 73 | B74: 0.1818 | C74: 0.63 | D74: 0.0896 | E74: 0 | F74: 2 | G74: 2
A75: 74 | B75: 0.1515 | C75: 0.68 | D75: 0.1045 | E75: 0 | F75: 4 | G75: 4
A76: 75 | B76: 0.1515 | C76: 0.74 | D76: 0.1045 | E76: 0 | F76: 36 | G76: 36
A77: 76 | B77: 0.1515 | C77: 0.74 | D77: 0.1343 | E77: 2 | F77: 92 | G77: 94
A78: 77 | B78: 0.1515 | C78: 0.69 | D78: 0.1642 | E78: 2 | F78: 177 | G78: 179
A79: 78 | B79: 0.1515 | C79: 0.64 | D79: 0.2239 | E79: 2 | F79: 98 | G79: 100
A80: 79 | B80: 0.1364 | C80: 0.69 | D80: 0.3284 | E80: 5 | F80: 37 | G80: 42
A81: 80 | B81: 0.2121 | C81: 0.51 | D81: 0.2985 | E81: 7 | F81: 50 | G81: 57
A82: 81 | B82: 0.2273 | C82: 0.51 | D82: 0.1642 | E82: 12 | F82: 66 | G82: 78
A83: 82 | B83: 0.2273 | C83: 0.56 | D83: 0.194 | E83: 18 | F83: 79 | G83: 97
... A611: 610 | B611: 0.2576 | C611: 0.86 | D611: 0 | E611: 1 | F611: 40 | G611: 41

Sheet Merge2
A1: instant | B1: dteday | C1: season | D1: yr | E1: mnth | F1: hr | G1: holiday | H1: weekday | I1: weathersit | J1: temp | K1: atemp | L1: hum | M1: windspeed | N1: casual | O1: registered | P1: cnt
A2: 1 | B2: 40544 | C2: 1 | D2: 0 | E2: 1 | F2: 0 | G2: FALSE | H2: 6 | I2: 1 | J2: 0.24 | K2: 0.2879 | L2: 0.81 | M2: 0 | N2: 3 | O2: 13 | P2: 16
A3: 2 | B3: 40544 | C3: 1 | D3: 0 | E3: 1 | F3: 1 | G3: FALSE | H3: 6 | I3: 1 | J3: 0.22 | K3: 0.2727 | L3: 0.8 | M3: 0 | N3: 8 | O3: 32 | P3: 40
A4: 3 | B4: 40544 | C4: 1 | D4: 0 | E4: 1 | F4: 2 | G4: FALSE | H4: 6 | I4: 1 | J4: 0.22 | K4: 0.2727 | L4: 0.8 | M4: 0 | N4: 5 | O4: 27 | P4: 32
A5: 4 | B5: 40544 | C5: 1 | D5: 0 | E5: 1 | F5: 3 | G5: FALSE | H5: 6 | I5: 1 | J5: 0.24 | K5: 0.2879 | L5: 0.75 | M5: 0 | N5: 3 | O5: 10 | P5: 13
A6: 5 | B6: 40544 | C6: 1 | D6: 0 | E6: 1 | F6: 4 | G6: FALSE | H6: 6 | I6: 1 | J6: 0.24 | K6: 0.2879 | L6: 0.75 | M6: 0 | N6: 0 | O6: 1 | P6: 1
A7: 6 | B7: 40544 | C7: 1 | D7: 0 | E7: 1 | F7: 5 | G7: FALSE | H7: 6 | I7: 2 | J7: 0.24 | K7: 0.2576 | L7: 0.75 | M7: 0.0896 | N7: 0 | O7: 1 | P7: 1
A8: 7 | B8: 40544 | C8: 1 | D8: 0 | E8: 1 | F8: 6 | G8: FALSE | H8: 6 | I8: 1 | J8: 0.22 | K8: 0.2727 | L8: 0.8 | M8: 0 | N8: 2 | O8: 0 | P8: 2
A9: 8 | B9: 40544 | C9: 1 | D9: 0 | E9: 1 | F9: 7 | G9: FALSE | H9: 6 | I9: 1 | J9: 0.2 | K9: 0.2576 | L9: 0.86 | M9: 0 | N9: 1 | O9: 2 | P9: 3
A10: 9 | B10: 40544 | C10: 1 | D10: 0 | E10: 1 | F10: 8 | G10: FALSE | H10: 6 | I10: 1 | J10: 0.24 | L10: 0.75 | M10: 0 | N10: 1 | O10: 7 | P10: 8
A11: 10 | B11: 40544 | C11: 1 | D11: 0 | E11: 1 | F11: 9 | G11: FALSE | H11: 6 | I11: 1 | J11: 0.32 | K11: 0.3485 | L11: 0.76 | M11: 0 | N11: 8 | O11: 6 | P11: 14
A12: 11 | B12: 40544 | C12: 1 | D12: 0 | E12: 1 | F12: 10 | G12: FALSE | H12: 6 | I12: 1 | J12: 0.38 | K12: 0.3939 | L12: 0.76 | M12: 0.2537 | N12: 12 | O12: 24 | P12: 36
A13: 12 | B13: 40544 | C13: 1 | D13: 0 | E13: 1 | F13: 11 | G13: FALSE | H13: 6 | I13: 1 | J13: 0.36 | K13: 0.3333 | L13: 0.81 | M13: 0.2836 | N13: 26 | O13: 30 | P13: 56
A14: 13 | B14: 40544 | C14: 1 | D14: 0 | E14: 1 | F14: 12 | G14: FALSE | H14: 6 | I14: 1 | J14: 0.42 | K14: 0.4242 | L14: 0.77 | M14: 0.2836 | N14: 29 | O14: 55 | P14: 84
A15: 14 | B15: 40544 | C15: 1 | D15: 0 | E15: 1 | F15: 13 | G15: FALSE | H15: 6 | I15: 2 | J15: 0.46 | K15: 0.4545 | L15: 0.72 | M15: 0.2985 | N15: 47 | O15: 47 | P15: 94
A16: 15 | B16: 40544 | C16: 1 | D16: 0 | E16: 1 | F16: 14 | G16: FALSE | H16: 6 | I16: 2 | J16: 0.46 | K16: 0.4545 | L16: 0.72 | M16: 0.2836 | N16: 35 | O16: 71 | P16: 106
A17: 16 | B17: 40544 | C17: 1 | D17: 0 | E17: 1 | F17: 15 | G17: FALSE | H17: 6 | I17: 2 | J17: 0.44 | K17: 0.4394 | L17: 0.77 | M17: 0.2985 | N17: 40 | O17: 70 | P17: 110
A18: 17 | B18: 40544 | C18: 1 | D18: 0 | E18: 1 | F18: 16 | G18: FALSE | H18: 6 | I18: 2 | J18: 0.42 | K18: 0.4242 | L18: 0.82 | M18: 0.2985 | N18: 41 | O18: 52 | P18: 93
A19: 18 | B19: 40544 | C19: 1 | D19: 0 | E19: 1 | F19: 17 | G19: FALSE | H19: 6 | I19: 2 | J19: 0.44 | L19: 0.82 | M19: 0.2836 | N19: 15 | O19: 52 | P19: 67
A20: 19 | B20: 40544 | C20: 1 | D20: 0 | E20: 1 | F20: 18 | G20: FALSE | H20: 6 | I20: 3 | J20: 0.42 | K20: 0.4242 | L20: 0.88 | M20: 0.2537 | N20: 9 | O20: 26 | P20: 35
A21: 20 | B21: 40544 | C21: 1 | D21: 0 | E21: 1 | F21: 19 | G21: FALSE | H21: 6 | I21: 3 | J21: 0.42 | K21: 0.4242 | L21: 0.88 | M21: 0.2537 | N21: 6 | O21: 31 | P21: 37
A22: 21 | B22: 40544 | C22: 1 | D22: 0 | E22: 1 | F22: 20 | G22: FALSE | H22: 6 | I22: 2 | J22: 0.4 | K22: 0.4091 | L22: 0.87 | M22: 0.2537 | N22: 11 | O22: 25 | P22: 36
A23: 22 | B23: 40544 | C23: 1 | D23: 0 | E23: 1 | F23: 21 | G23: FALSE | H23: 6 | I23: 2 | J23: 0.4 | K23: 0.4091 | L23: 0.87 | M23: 0.194 | N23: 3 | O23: 31 | P23: 34
A24: 23 | B24: 40544 | C24: 1 | D24: 0 | E24: 1 | F24: 22 | G24: FALSE | H24: 6 | I24: 2 | J24: 0.4 | K24: 0.4091 | L24: 0.94 | M24: 0.2239 | N24: 11 | O24: 17 | P24: 28
A25: 24 | B25: 40544 | C25: 1 | D25: 0 | E25: 1 | F25: 23 | G25: FALSE | H25: 6 | I25: 2 | J25: 0.46 | L25: 0.88 | M25: 0.2985 | N25: 15 | O25: 24 | P25: 39
A26: 25 | B26: 40545 | C26: 1 | D26: 0 | E26: 1 | F26: 0 | G26: FALSE | H26: 0 | I26: 2 | J26: 0.46 | K26: 0.4545 | L26: 0.88 | M26: 0.2985 | N26: 4 | O26: 13 | P26: 17
A27: 26 | B27: 40545 | C27: 1 | D27: 0 | E27: 1 | F27: 1 | G27: FALSE | H27: 0 | I27: 2 | J27: 0.44 | K27: 0.4394 | L27: 0.94 | M27: 0.2537 | N27: 1 | O27: 16 | P27: 17
A28: 27 | B28: 40545 | C28: 1 | D28: 0 | E28: 1 | F28: 2 | G28: FALSE | H28: 0 | I28: 2 | J28: 0.42 | K28: 0.4242 | L28: 1 | M28: 0.2836 | N28: 1 | O28: 8 | P28: 9
A29: 28 | B29: 40545 | C29: 1 | D29: 0 | E29: 1 | F29: 3 | G29: FALSE | H29: 0 | I29: 2 | J29: 0.46 | K29: 0.4545 | L29: 0.94 | M29: 0.194 | N29: 2 | O29: 4 | P29: 6
A30: 29 | B30: 40545 | C30: 1 | D30: 0 | E30: 1 | F30: 4 | G30: FALSE | H30: 0 | I30: 2 | J30: 0.46 | L30: 0.94 | M30: 0.194 | N30: 2 | O30: 1 | P30: 3
A31: 30 | B31: 40545 | C31: 1 | D31: 0 | E31: 1 | F31: 6 | G31: FALSE | H31: 0 | I31: 3 | J31: 0.42 | K31: 0.4242 | L31: 0.77 | M31: 0.2985 | N31: 0 | O31: 2 | P31: 2
A32: 31 | B32: 40545 | C32: 1 | D32: 0 | E32: 1 | F32: 7 | G32: FALSE | H32: 0 | I32: 2 | J32: 0.4 | K32: 0.4091 | L32: 0.76 | M32: 0.194 | N32: 0 | O32: 1 | P32: 1
A33: 32 | B33: 40545 | C33: 1 | D33: 0 | E33: 1 | F33: 8 | G33: FALSE | H33: 0 | I33: 3 | J33: 0.4 | K33: 0.4091 | L33: 0.71 | M33: 0.2239 | N33: 0 | O33: 8 | P33: 8
A34: 33 | B34: 40545 | C34: 1 | D34: 0 | E34: 1 | F34: 9 | G34: FALSE | H34: 0 | I34: 2 | J34: 0.38 | L34: 0.76 | M34: 0.2239 | N34: 1 | O34: 19 | P34: 20
A35: 34 | B35: 40545 | C35: 1 | D35: 0 | E35: 1 | F35: 10 | G35: FALSE | H35: 0 | I35: 2 | J35: 0.36 | K35: 0.3485 | L35: 0.81 | M35: 0.2239 | N35: 7 | O35: 46 | P35: 53
A36: 35 | B36: 40545 | C36: 1 | D36: 0 | E36: 1 | F36: 11 | G36: FALSE | H36: 0 | I36: 2 | J36: 0.36 | K36: 0.3333 | L36: 0.71 | M36: 0.2537 | N36: 16 | O36: 54 | P36: 70
A37: 36 | B37: 40545 | C37: 1 | D37: 0 | E37: 1 | F37: 12 | G37: FALSE | H37: 0 | I37: 2 | J37: 0.36 | K37: 0.3333 | L37: 0.66 | M37: 0.2985 | N37: 20 | O37: 73 | P37: 93
A38: 37 | B38: 40545 | C38: 1 | D38: 0 | E38: 1 | F38: 13 | G38: FALSE | H38: 0 | I38: 2 | J38: 0.36 | K38: 0.3485 | L38: 0.66 | M38: 0.1343 | N38: 11 | O38: 64 | P38: 75
A39: 38 | B39: 40545 | C39: 1 | D39: 0 | E39: 1 | F39: 14 | G39: FALSE | H39: 0 | I39: 3 | J39: 0.36 | L39: 0.76 | M39: 0.194 | N39: 4 | O39: 55 | P39: 59
A40: 39 | B40: 40545 | C40: 1 | D40: 0 | E40: 1 | F40: 15 | G40: FALSE | H40: 0 | I40: 3 | J40: 0.34 | K40: 0.3333 | L40: 0.81 | M40: 0.1642 | N40: 19 | O40: 55 | P40: 74
A41: 40 | B41: 40545 | C41: 1 | D41: 0 | E41: 1 | F41: 16 | G41: FALSE | H41: 0 | I41: 3 | J41: 0.34 | K41: 0.3333 | L41: 0.71 | M41: 0.1642 | N41: 9 | O41: 67 | P41: 76
A42: 41 | B42: 40545 | C42: 1 | D42: 0 | E42: 1 | F42: 17 | G42: FALSE | H42: 0 | I42: 1 | J42: 0.34 | K42: 0.3333 | L42: 0.57 | M42: 0.194 | N42: 7 | O42: 58 | P42: 65
A43: 42 | B43: 40545 | C43: 1 | D43: 0 | E43: 1 | F43: 18 | G43: FALSE | H43: 0 | I43: 2 | J43: 0.36 | K43: 0.3333 | L43: 0.46 | M43: 0.3284 | N43: 10 | O43: 43 | P43: 53
A44: 43 | B44: 40545 | C44: 1 | D44: 0 | E44: 1 | F44: 19 | G44: FALSE | H44: 0 | I44: 1 | J44: 0.32 | K44: 0.2879 | L44: 0.42 | M44: 0.4478 | N44: 1 | O44: 29 | P44: 30
A45: 44 | B45: 40545 | C45: 1 | D45: 0 | E45: 1 | F45: 20 | G45: FALSE | H45: 0 | I45: 1 | J45: 0.3 | L45: 0.39 | M45: 0.3582 | N45: 5 | O45: 17 | P45: 22
A46: 45 | B46: 40545 | C46: 1 | D46: 0 | E46: 1 | F46: 21 | G46: FALSE | H46: 0 | I46: 1 | J46: 0.26 | K46: 0.2273 | L46: 0.44 | M46: 0.3284 | N46: 11 | O46: 20 | P46: 31
A47: 46 | B47: 40545 | C47: 1 | D47: 0 | E47: 1 | F47: 22 | G47: FALSE | H47: 0 | I47: 1 | J47: 0.24 | K47: 0.2121 | L47: 0.44 | M47: 0.2985 | N47: 0 | O47: 9 | P47: 9
A48: 47 | B48: 40545 | C48: 1 | D48: 0 | E48: 1 | F48: 23 | G48: FALSE | H48: 0 | I48: 1 | J48: 0.22 | K48: 0.2273 | L48: 0.47 | M48: 0.1642 | N48: 0 | O48: 8 | P48: 8
A49: 48 | B49: 40546 | C49: 1 | D49: 0 | E49: 1 | F49: 0 | G49: FALSE | H49: 1 | I49: 1 | J49: 0.22 | K49: 0.197 | L49: 0.44 | M49: 0.3582 | N49: 0 | O49: 5 | P49: 5
A50: 49 | B50: 40546 | C50: 1 | D50: 0 | E50: 1 | F50: 1 | G50: FALSE | H50: 1 | I50: 1 | J50: 0.2 | L50: 0.44 | M50: 0.4179 | N50: 0 | O50: 2 | P50: 2
A51: 50 | B51: 40546 | C51: 1 | D51: 0 | E51: 1 | F51: 4 | G51: FALSE | H51: 1 | I51: 1 | J51: 0.16 | K51: 0.1364 | L51: 0.47 | M51: 0.3881 | N51: 0 | O51: 1 | P51: 1
A52: 51 | B52: 40546 | C52: 1 | D52: 0 | E52: 1 | F52: 5 | G52: FALSE | H52: 1 | I52: 1 | J52: 0.16 | K52: 0.1364 | L52: 0.47 | M52: 0.2836 | N52: 0 | O52: 3 | P52: 3
A53: 52 | B53: 40546 | C53: 1 | D53: 0 | E53: 1 | F53: 6 | G53: FALSE | H53: 1 | I53: 1 | J53: 0.14 | K53: 0.1061 | L53: 0.5 | M53: 0.3881 | N53: 0 | O53: 30 | P53: 30
A54: 53 | B54: 40546 | C54: 1 | D54: 0 | E54: 1 | F54: 7 | G54: FALSE | H54: 1 | I54: 1 | J54: 0.14 | K54: 0.1364 | L54: 0.5 | M54: 0.194 | N54: 1 | O54: 63 | P54: 64
A55: 54 | B55: 40546 | C55: 1 | D55: 0 | E55: 1 | F55: 8 | G55: FALSE | H55: 1 | I55: 1 | J55: 0.14 | K55: 0.1212 | L55: 0.5 | M55: 0.2836 | N55: 1 | O55: 153 | P55: 154
A56: 55 | B56: 40546 | C56: 1 | D56: 0 | E56: 1 | F56: 9 | G56: FALSE | H56: 1 | I56: 1 | J56: 0.16 | K56: 0.1364 | L56: 0.43 | M56: 0.3881 | N56: 7 | O56: 81 | P56: 88
A57: 56 | B57: 40546 | C57: 1 | D57: 0 | E57: 1 | F57: 10 | G57: FALSE | H57: 1 | I57: 1 | J57: 0.18 | K57: 0.1667 | L57: 0.43 | M57: 0.2537 | N57: 11 | O57: 33 | P57: 44
A58: 57 | B58: 40546 | C58: 1 | D58: 0 | E58: 1 | F58: 11 | G58: FALSE | H58: 1 | I58: 1 | J58: 0.2 | K58: 0.1818 | L58: 0.4 | M58: 0.3284 | N58: 10 | O58: 41 | P58: 51
A59: 58 | B59: 40546 | C59: 1 | D59: 0 | E59: 1 | F59: 12 | G59: FALSE | H59: 1 | I59: 1 | J59: 0.22 | K59: 0.2121 | L59: 0.35 | M59: 0.2985 | N59: 13 | O59: 48 | P59: 61
A60: 59 | B60: 40546 | C60: 1 | D60: 0 | E60: 1 | F60: 13 | G60: FALSE | H60: 1 | I60: 1 | J60: 0.24 | L60: 0.35 | M60: 0.2836 | N60: 8 | O60: 53 | P60: 61
A61: 60 | B61: 40546 | C61: 1 | D61: 0 | E61: 1 | F61: 14 | G61: FALSE | H61: 1 | I61: 1 | J61: 0.26 | K61: 0.2424 | L61: 0.3 | M61: 0.2836 | N61: 11 | O61: 66 | P61: 77
A62: 61 | B62: 40546 | C62: 1 | D62: 0 | E62: 1 | F62: 15 | G62: FALSE | H62: 1 | I62: 1 | J62: 0.26 | K62: 0.2424 | L62: 0.3 | M62: 0.2537 | N62: 14 | O62: 58 | P62: 72
A63: 62 | B63: 40546 | C63: 1 | D63: 0 | E63: 1 | F63: 16 | G63: FALSE | H63: 1 | I63: 1 | J63: 0.26 | K63: 0.2424 | L63: 0.3 | M63: 0.2537 | N63: 9 | O63: 67 | P63: 76
A64: 63 | B64: 40546 | C64: 1 | D64: 0 | E64: 1 | F64: 17 | G64: FALSE | H64: 1 | I64: 1 | J64: 0.24 | K64: 0.2273 | L64: 0.3 | M64: 0.2239 | N64: 11 | O64: 146 | P64: 157
A65: 64 | B65: 40546 | C65: 1 | D65: 0 | E65: 1 | F65: 18 | G65: FALSE | H65: 1 | I65: 1 | J65: 0.24 | K65: 0.2576 | L65: 0.32 | M65: 0.1045 | N65: 9 | O65: 148 | P65: 157
A66: 65 | B66: 40546 | C66: 1 | D66: 0 | E66: 1 | F66: 19 | G66: FALSE | H66: 1 | I66: 1 | J66: 0.2 | K66: 0.2576 | L66: 0.47 | M66: 0 | N66: 8 | O66: 102 | P66: 110
A67: 66 | B67: 40546 | C67: 1 | D67: 0 | E67: 1 | F67: 20 | G67: FALSE | H67: 1 | I67: 1 | J67: 0.2 | L67: 0.47 | M67: 0.1045 | N67: 3 | O67: 49 | P67: 52
A68: 67 | B68: 40546 | C68: 1 | D68: 0 | E68: 1 | F68: 21 | G68: FALSE | H68: 1 | I68: 1 | J68: 0.18 | K68: 0.197 | L68: 0.64 | M68: 0.1343 | N68: 3 | O68: 49 | P68: 52
A69: 68 | B69: 40546 | C69: 1 | D69: 0 | E69: 1 | F69: 22 | G69: FALSE | H69: 1 | I69: 1 | J69: 0.14 | K69: 0.1515 | L69: 0.69 | M69: 0.1343 | N69: 0 | O69: 20 | P69: 20
A70: 69 | B70: 40546 | C70: 1 | D70: 0 | E70: 1 | F70: 23 | G70: FALSE | H70: 1 | I70: 1 | J70: 0.18 | K70: 0.2121 | L70: 0.55 | M70: 0.1045 | N70: 1 | O70: 11 | P70: 12
A71: 70 | B71: 40547 | C71: 1 | D71: 0 | E71: 1 | F71: 0 | G71: FALSE | H71: 2 | I71: 1 | J71: 0.16 | L71: 0.55 | M71: 0.1045 | N71: 0 | O71: 5 | P71: 5
A72: 71 | B72: 40547 | C72: 1 | D72: 0 | E72: 1 | F72: 1 | G72: FALSE | H72: 2 | I72: 1 | J72: 0.16 | K72: 0.1818 | L72: 0.59 | M72: 0.1045 | N72: 0 | O72: 2 | P72: 2
A73: 72 | B73: 40547 | C73: 1 | D73: 0 | E73: 1 | F73: 2 | G73: FALSE | H73: 2 | I73: 1 | J73: 0.14 | K73: 0.1515 | L73: 0.63 | M73: 0.1343 | N73: 0 | O73: 1 | P73: 1
A74: 73 | B74: 40547 | C74: 1 | D74: 0 | E74: 1 | F74: 4 | G74: FALSE | H74: 2 | I74: 1 | J74: 0.14 | K74: 0.1818 | L74: 0.63 | M74: 0.0896 | N74: 0 | O74: 2 | P74: 2
A75: 74 | B75: 40547 | C75: 1 | D75: 0 | E75: 1 | F75: 5 | G75: FALSE | H75: 2 | I75: 1 | J75: 0.12 | K75: 0.1515 | L75: 0.68 | M75: 0.1045 | N75: 0 | O75: 4 | P75: 4
A76: 75 | B76: 40547 | C76: 1 | D76: 0 | E76: 1 | F76: 6 | G76: FALSE | H76: 2 | I76: 1 | J76: 0.12 | K76: 0.1515 | L76: 0.74 | M76: 0.1045 | N76: 0 | O76: 36 | P76: 36
A77: 76 | B77: 40547 | C77: 1 | D77: 0 | E77: 1 | F77: 7 | G77: FALSE | H77: 2 | I77: 1 | J77: 0.12 | K77: 0.1515 | L77: 0.74 | M77: 0.1343 | N77: 2 | O77: 92 | P77: 94
A78: 77 | B78: 40547 | C78: 1 | D78: 0 | E78: 1 | F78: 8 | G78: FALSE | H78: 2 | I78: 1 | J78: 0.14 | K78: 0.1515 | L78: 0.69 | M78: 0.1642 | N78: 2 | O78: 177 | P78: 179
A79: 78 | B79: 40547 | C79: 1 | D79: 0 | E79: 1 | F79: 9 | G79: FALSE | H79: 2 | I79: 1 | J79: 0.16 | K79: 0.1515 | L79: 0.64 | M79: 0.2239 | N79: 2 | O79: 98 | P79: 100
A80: 79 | B80: 40547 | C80: 1 | D80: 0 | E80: 1 | F80: 10 | G80: FALSE | H80: 2 | I80: 2 | J80: 0.16 | K80: 0.1364 | L80: 0.69 | M80: 0.3284 | N80: 5 | O80: 37 | P80: 42
A81: 80 | B81: 40547 | C81: 1 | D81: 0 | E81: 1 | F81: 11 | G81: FALSE | H81: 2 | I81: 1 | J81: 0.22 | K81: 0.2121 | L81: 0.51 | M81: 0.2985 | N81: 7 | O81: 50 | P81: 57
A82: 81 | B82: 40547 | C82: 1 | D82: 0 | E82: 1 | F82: 12 | G82: FALSE | H82: 2 | I82: 1 | J82: 0.22 | K82: 0.2273 | L82: 0.51 | M82: 0.1642 | N82: 12 | O82: 66 | P82: 78
A83: 82 | B83: 40547 | C83: 1 | D83: 0 | E83: 1 | F83: 13 | G83: FALSE | H83: 2 | I83: 1 | J83: 0.24 | K83: 0.2273 | L83: 0.56 | M83: 0.194 | N83: 18 | O83: 79 | P83: 97
... A611: 610 | B611: 40571 | C611: 1 | D611: 0 | E611: 1 | F611: 15 | G611: FALSE | H611: 5 | I611: 2 | J611: 0.2 | K611: 0.2576 | L611: 0.86 | M611: 0 | N611: 1 | O611: 40 | P611: 41

Sheet Merge1+2
A1: instant | B1: dteday | C1: season | D1: yr | E1: mnth | F1: hr | G1: holiday | H1: weekday | I1: weathersit | J1: temp | K1: atemp | L1: hum | M1: windspeed | N1: casual | O1: registered | P1: cnt
A2: 1 | B2: 40544 | C2: 1 | D2: 0 | E2: 1 | F2: 0 | G2: FALSE | H2: 6 | I2: 1 | J2: 0.24 | K2: 0.2879 | L2: 0.81 | M2: 0 | N2: 3 | O2: 13 | P2: 16
A3: 2 | B3: 40544 | C3: 1 | D3: 0 | E3: 1 | F3: 1 | G3: FALSE | H3: 6 | I3: 1 | J3: 0.22 | K3: 0.2727 | L3: 0.8 | M3: 0 | N3: 8 | O3: 32 | P3: 40
A4: 3 | B4: 40544 | C4: 1 | D4: 0 | E4: 1 | F4: 2 | G4: FALSE | H4: 6 | I4: 1 | J4: 0.22 | K4: 0.2727 | L4: 0.8 | M4: 0 | N4: 5 | O4: 27 | P4: 32
A5: 4 | B5: 40544 | C5: 1 | D5: 0 | E5: 1 | F5: 3 | G5: FALSE | H5: 6 | I5: 1 | J5: 0.24 | K5: 0.2879 | L5: 0.75 | M5: 0 | N5: 3 | O5: 10 | P5: 13
A6: 5 | B6: 40544 | C6: 1 | D6: 0 | E6: 1 | F6: 4 | G6: FALSE | H6: 6 | I6: 1 | J6: 0.24 | K6: 0.2879 | L6: 0.75 | M6: 0 | N6: 0 | O6: 1 | P6: 1
A7: 6 | B7: 40544 | C7: 1 | D7: 0 | E7: 1 | F7: 5 | G7: FALSE | H7: 6 | I7: 2 | J7: 0.24 | K7: 0.2576 | L7: 0.75 | M7: 0.0896 | N7: 0 | O7: 1 | P7: 1
A8: 7 | B8: 40544 | C8: 1 | D8: 0 | E8: 1 | F8: 6 | G8: FALSE | H8: 6 | I8: 1 | J8: 0.22 | K8: 0.2727 | L8: 0.8 | M8: 0 | N8: 2 | O8: 0 | P8: 2
A9: 8 | B9: 40544 | C9: 1 | D9: 0 | E9: 1 | F9: 7 | G9: FALSE | H9: 6 | I9: 1 | J9: 0.2 | K9: 0.2576 | L9: 0.86 | M9: 0 | N9: 1 | O9: 2 | P9: 3
A10: 9 | B10: 40544 | C10: 1 | D10: 0 | E10: 1 | F10: 8 | G10: FALSE | H10: 6 | I10: 1 | J10: 0.24 | L10: 0.75 | M10: 0 | N10: 1 | O10: 7 | P10: 8
A11: 10 | B11: 40544 | C11: 1 | D11: 0 | E11: 1 | F11: 9 | G11: FALSE | H11: 6 | I11: 1 | J11: 0.32 | K11: 0.3485 | L11: 0.76 | M11: 0 | N11: 8 | O11: 6 | P11: 14
A12: 11 | B12: 40544 | C12: 1 | D12: 0 | E12: 1 | F12: 10 | G12: FALSE | H12: 6 | I12: 1 | J12: 0.38 | K12: 0.3939 | L12: 0.76 | M12: 0.2537 | N12: 12 | O12: 24 | P12: 36
A13: 12 | B13: 40544 | C13: 1 | D13: 0 | E13: 1 | F13: 11 | G13: FALSE | H13: 6 | I13: 1 | J13: 0.36 | K13: 0.3333 | L13: 0.81 | M13: 0.2836 | N13: 26 | O13: 30 | P13: 56
A14: 13 | B14: 40544 | C14: 1 | D14: 0 | E14: 1 | F14: 12 | G14: FALSE | H14: 6 | I14: 1 | J14: 0.42 | K14: 0.4242 | L14: 0.77 | M14: 0.2836 | N14: 29 | O14: 55 | P14: 84
A15: 14 | B15: 40544 | C15: 1 | D15: 0 | E15: 1 | F15: 13 | G15: FALSE | H15: 6 | I15: 2 | J15: 0.46 | K15: 0.4545 | L15: 0.72 | M15: 0.2985 | N15: 47 | O15: 47 | P15: 94
A16: 15 | B16: 40544 | C16: 1 | D16: 0 | E16: 1 | F16: 14 | G16: FALSE | H16: 6 | I16: 2 | J16: 0.46 | K16: 0.4545 | L16: 0.72 | M16: 0.2836 | N16: 35 | O16: 71 | P16: 106
A17: 16 | B17: 40544 | C17: 1 | D17: 0 | E17: 1 | F17: 15 | G17: FALSE | H17: 6 | I17: 2 | J17: 0.44 | K17: 0.4394 | L17: 0.77 | M17: 0.2985 | N17: 40 | O17: 70 | P17: 110
A18: 17 | B18: 40544 | C18: 1 | D18: 0 | E18: 1 | F18: 16 | G18: FALSE | H18: 6 | I18: 2 | J18: 0.42 | K18: 0.4242 | L18: 0.82 | M18: 0.2985 | N18: 41 | O18: 52 | P18: 93
A19: 18 | B19: 40544 | C19: 1 | D19: 0 | E19: 1 | F19: 17 | G19: FALSE | H19: 6 | I19: 2 | J19: 0.44 | L19: 0.82 | M19: 0.2836 | N19: 15 | O19: 52 | P19: 67
A20: 19 | B20: 40544 | C20: 1 | D20: 0 | E20: 1 | F20: 18 | G20: FALSE | H20: 6 | I20: 3 | J20: 0.42 | K20: 0.4242 | L20: 0.88 | M20: 0.2537 | N20: 9 | O20: 26 | P20: 35
A21: 20 | B21: 40544 | C21: 1 | D21: 0 | E21: 1 | F21: 19 | G21: FALSE | H21: 6 | I21: 3 | J21: 0.42 | K21: 0.4242 | L21: 0.88 | M21: 0.2537 | N21: 6 | O21: 31 | P21: 37
A22: 21 | B22: 40544 | C22: 1 | D22: 0 | E22: 1 | F22: 20 | G22: FALSE | H22: 6 | I22: 2 | J22: 0.4 | K22: 0.4091 | L22: 0.87 | M22: 0.2537 | N22: 11 | O22: 25 | P22: 36
A23: 22 | B23: 40544 | C23: 1 | D23: 0 | E23: 1 | F23: 21 | G23: FALSE | H23: 6 | I23: 2 | J23: 0.4 | K23: 0.4091 | L23: 0.87 | M23: 0.194 | N23: 3 | O23: 31 | P23: 34
A24: 23 | B24: 40544 | C24: 1 | D24: 0 | E24: 1 | F24: 22 | G24: FALSE | H24: 6 | I24: 2 | J24: 0.4 | K24: 0.4091 | L24: 0.94 | M24: 0.2239 | N24: 11 | O24: 17 | P24: 28
A25: 24 | B25: 40544 | C25: 1 | D25: 0 | E25: 1 | F25: 23 | G25: FALSE | H25: 6 | I25: 2 | J25: 0.46 | L25: 0.88 | M25: 0.2985 | N25: 15 | O25: 24 | P25: 39
A26: 25 | B26: 40545 | C26: 1 | D26: 0 | E26: 1 | F26: 0 | G26: FALSE | H26: 0 | I26: 2 | J26: 0.46 | K26: 0.4545 | L26: 0.88 | M26: 0.2985 | N26: 4 | O26: 13 | P26: 17
A27: 26 | B27: 40545 | C27: 1 | D27: 0 | E27: 1 | F27: 1 | G27: FALSE | H27: 0 | I27: 2 | J27: 0.44 | K27: 0.4394 | L27: 0.94 | M27: 0.2537 | N27: 1 | O27: 16 | P27: 17
A28: 27 | B28: 40545 | C28: 1 | D28: 0 | E28: 1 | F28: 2 | G28: FALSE | H28: 0 | I28: 2 | J28: 0.42 | K28: 0.4242 | L28: 1 | M28: 0.2836 | N28: 1 | O28: 8 | P28: 9
A29: 28 | B29: 40545 | C29: 1 | D29: 0 | E29: 1 | F29: 3 | G29: FALSE | H29: 0 | I29: 2 | J29: 0.46 | K29: 0.4545 | L29: 0.94 | M29: 0.194 | N29: 2 | O29: 4 | P29: 6
A30: 29 | B30: 40545 | C30: 1 | D30: 0 | E30: 1 | F30: 4 | G30: FALSE | H30: 0 | I30: 2 | J30: 0.46 | L30: 0.94 | M30: 0.194 | N30: 2 | O30: 1 | P30: 3
A31: 30 | B31: 40545 | C31: 1 | D31: 0 | E31: 1 | F31: 6 | G31: FALSE | H31: 0 | I31: 3 | J31: 0.42 | K31: 0.4242 | L31: 0.77 | M31: 0.2985 | N31: 0 | O31: 2 | P31: 2
A32: 31 | B32: 40545 | C32: 1 | D32: 0 | E32: 1 | F32: 7 | G32: FALSE | H32: 0 | I32: 2 | J32: 0.4 | K32: 0.4091 | L32: 0.76 | M32: 0.194 | N32: 0 | O32: 1 | P32: 1
A33: 32 | B33: 40545 | C33: 1 | D33: 0 | E33: 1 | F33: 8 | G33: FALSE | H33: 0 | I33: 3 | J33: 0.4 | K33: 0.4091 | L33: 0.71 | M33: 0.2239 | N33: 0 | O33: 8 | P33: 8
A34: 33 | B34: 40545 | C34: 1 | D34: 0 | E34: 1 | F34: 9 | G34: FALSE | H34: 0 | I34: 2 | J34: 0.38 | L34: 0.76 | M34: 0.2239 | N34: 1 | O34: 19 | P34: 20
A35: 34 | B35: 40545 | C35: 1 | D35: 0 | E35: 1 | F35: 10 | G35: FALSE | H35: 0 | I35: 2 | J35: 0.36 | K35: 0.3485 | L35: 0.81 | M35: 0.2239 | N35: 7 | O35: 46 | P35: 53
A36: 35 | B36: 40545 | C36: 1 | D36: 0 | E36: 1 | F36: 11 | G36: FALSE | H36: 0 | I36: 2 | J36: 0.36 | K36: 0.3333 | L36: 0.71 | M36: 0.2537 | N36: 16 | O36: 54 | P36: 70
A37: 36 | B37: 40545 | C37: 1 | D37: 0 | E37: 1 | F37: 12 | G37: FALSE | H37: 0 | I37: 2 | J37: 0.36 | K37: 0.3333 | L37: 0.66 | M37: 0.2985 | N37: 20 | O37: 73 | P37: 93
A38: 37 | B38: 40545 | C38: 1 | D38: 0 | E38: 1 | F38: 13 | G38: FALSE | H38: 0 | I38: 2 | J38: 0.36 | K38: 0.3485 | L38: 0.66 | M38: 0.1343 | N38: 11 | O38: 64 | P38: 75
A39: 38 | B39: 40545 | C39: 1 | D39: 0 | E39: 1 | F39: 14 | G39: FALSE | H39: 0 | I39: 3 | J39: 0.36 | L39: 0.76 | M39: 0.194 | N39: 4 | O39: 55 | P39: 59
A40: 39 | B40: 40545 | C40: 1 | D40: 0 | E40: 1 | F40: 15 | G40: FALSE | H40: 0 | I40: 3 | J40: 0.34 | K40: 0.3333 | L40: 0.81 | M40: 0.1642 | N40: 19 | O40: 55 | P40: 74
A41: 40 | B41: 40545 | C41: 1 | D41: 0 | E41: 1 | F41: 16 | G41: FALSE | H41: 0 | I41: 3 | J41: 0.34 | K41: 0.3333 | L41: 0.71 | M41: 0.1642 | N41: 9 | O41: 67 | P41: 76
A42: 41 | B42: 40545 | C42: 1 | D42: 0 | E42: 1 | F42: 17 | G42: FALSE | H42: 0 | I42: 1 | J42: 0.34 | K42: 0.3333 | L42: 0.57 | M42: 0.194 | N42: 7 | O42: 58 | P42: 65
A43: 42 | B43: 40545 | C43: 1 | D43: 0 | E43: 1 | F43: 18 | G43: FALSE | H43: 0 | I43: 2 | J43: 0.36 | K43: 0.3333 | L43: 0.46 | M43: 0.3284 | N43: 10 | O43: 43 | P43: 53
A44: 43 | B44: 40545 | C44: 1 | D44: 0 | E44: 1 | F44: 19 | G44: FALSE | H44: 0 | I44: 1 | J44: 0.32 | K44: 0.2879 | L44: 0.42 | M44: 0.4478 | N44: 1 | O44: 29 | P44: 30
A45: 44 | B45: 40545 | C45: 1 | D45: 0 | E45: 1 | F45: 20 | G45: FALSE | H45: 0 | I45: 1 | J45: 0.3 | L45: 0.39 | M45: 0.3582 | N45: 5 | O45: 17 | P45: 22
A46: 45 | B46: 40545 | C46: 1 | D46: 0 | E46: 1 | F46: 21 | G46: FALSE | H46: 0 | I46: 1 | J46: 0.26 | K46: 0.2273 | L46: 0.44 | M46: 0.3284 | N46: 11 | O46: 20 | P46: 31
A47: 46 | B47: 40545 | C47: 1 | D47: 0 | E47: 1 | F47: 22 | G47: FALSE | H47: 0 | I47: 1 | J47: 0.24 | K47: 0.2121 | L47: 0.44 | M47: 0.2985 | N47: 0 | O47: 9 | P47: 9
A48: 47 | B48: 40545 | C48: 1 | D48: 0 | E48: 1 | F48: 23 | G48: FALSE | H48: 0 | I48: 1 | J48: 0.22 | K48: 0.2273 | L48: 0.47 | M48: 0.1642 | N48: 0 | O48: 8 | P48: 8
A49: 48 | B49: 40546 | C49: 1 | D49: 0 | E49: 1 | F49: 0 | G49: FALSE | H49: 1 | I49: 1 | J49: 0.22 | K49: 0.197 | L49: 0.44 | M49: 0.3582 | N49: 0 | O49: 5 | P49: 5
A50: 49 | B50: 40546 | C50: 1 | D50: 0 | E50: 1 | F50: 1 | G50: FALSE | H50: 1 | I50: 1 | J50: 0.2 | L50: 0.44 | M50: 0.4179 | N50: 0 | O50: 2 | P50: 2
A51: 50 | B51: 40546 | C51: 1 | D51: 0 | E51: 1 | F51: 4 | G51: FALSE | H51: 1 | I51: 1 | J51: 0.16 | K51: 0.1364 | L51: 0.47 | M51: 0.3881 | N51: 0 | O51: 1 | P51: 1
A52: 51 | B52: 40546 | C52: 1 | D52: 0 | E52: 1 | F52: 5 | G52: FALSE | H52: 1 | I52: 1 | J52: 0.16 | K52: 0.1364 | L52: 0.47 | M52: 0.2836 | N52: 0 | O52: 3 | P52: 3
A53: 52 | B53: 40546 | C53: 1 | D53: 0 | E53: 1 | F53: 6 | G53: FALSE | H53: 1 | I53: 1 | J53: 0.14 | K53: 0.1061 | L53: 0.5 | M53: 0.3881 | N53: 0 | O53: 30 | P53: 30
A54: 53 | B54: 40546 | C54: 1 | D54: 0 | E54: 1 | F54: 7 | G54: FALSE | H54: 1 | I54: 1 | J54: 0.14 | K54: 0.1364 | L54: 0.5 | M54: 0.194 | N54: 1 | O54: 63 | P54: 64
A55: 54 | B55: 40546 | C55: 1 | D55: 0 | E55: 1 | F55: 8 | G55: FALSE | H55: 1 | I55: 1 | J55: 0.14 | K55: 0.1212 | L55: 0.5 | M55: 0.2836 | N55: 1 | O55: 153 | P55: 154
A56: 55 | B56: 40546 | C56: 1 | D56: 0 | E56: 1 | F56: 9 | G56: FALSE | H56: 1 | I56: 1 | J56: 0.16 | K56: 0.1364 | L56: 0.43 | M56: 0.3881 | N56: 7 | O56: 81 | P56: 88
A57: 56 | B57: 40546 | C57: 1 | D57: 0 | E57: 1 | F57: 10 | G57: FALSE | H57: 1 | I57: 1 | J57: 0.18 | K57: 0.1667 | L57: 0.43 | M57: 0.2537 | N57: 11 | O57: 33 | P57: 44
A58: 57 | B58: 40546 | C58: 1 | D58: 0 | E58: 1 | F58: 11 | G58: FALSE | H58: 1 | I58: 1 | J58: 0.2 | K58: 0.1818 | L58: 0.4 | M58: 0.3284 | N58: 10 | O58: 41 | P58: 51
A59: 58 | B59: 40546 | C59: 1 | D59: 0 | E59: 1 | F59: 12 | G59: FALSE | H59: 1 | I59: 1 | J59: 0.22 | K59: 0.2121 | L59: 0.35 | M59: 0.2985 | N59: 13 | O59: 48 | P59: 61
A60: 59 | B60: 40546 | C60: 1 | D60: 0 | E60: 1 | F60: 13 | G60: FALSE | H60: 1 | I60: 1 | J60: 0.24 | L60: 0.35 | M60: 0.2836 | N60: 8 | O60: 53 | P60: 61
A61: 60 | B61: 40546 | C61: 1 | D61: 0 | E61: 1 | F61: 14 | G61: FALSE | H61: 1 | I61: 1 | J61: 0.26 | K61: 0.2424 | L61: 0.3 | M61: 0.2836 | N61: 11 | O61: 66 | P61: 77
A62: 61 | B62: 40546 | C62: 1 | D62: 0 | E62: 1 | F62: 15 | G62: FALSE | H62: 1 | I62: 1 | J62: 0.26 | K62: 0.2424 | L62: 0.3 | M62: 0.2537 | N62: 14 | O62: 58 | P62: 72
A63: 62 | B63: 40546 | C63: 1 | D63: 0 | E63: 1 | F63: 16 | G63: FALSE | H63: 1 | I63: 1 | J63: 0.26 | K63: 0.2424 | L63: 0.3 | M63: 0.2537 | N63: 9 | O63: 67 | P63: 76
A64: 63 | B64: 40546 | C64: 1 | D64: 0 | E64: 1 | F64: 17 | G64: FALSE | H64: 1 | I64: 1 | J64: 0.24 | K64: 0.2273 | L64: 0.3 | M64: 0.2239 | N64: 11 | O64: 146 | P64: 157
A65: 64 | B65: 40546 | C65: 1 | D65: 0 | E65: 1 | F65: 18 | G65: FALSE | H65: 1 | I65: 1 | J65: 0.24 | K65: 0.2576 | L65: 0.32 | M65: 0.1045 | N65: 9 | O65: 148 | P65: 157
A66: 65 | B66: 40546 | C66: 1 | D66: 0 | E66: 1 | F66: 19 | G66: FALSE | H66: 1 | I66: 1 | J66: 0.2 | K66: 0.2576 | L66: 0.47 | M66: 0 | N66: 8 | O66: 102 | P66: 110
A67: 66 | B67: 40546 | C67: 1 | D67: 0 | E67: 1 | F67: 20 | G67: FALSE | H67: 1 | I67: 1 | J67: 0.2 | L67: 0.47 | M67: 0.1045 | N67: 3 | O67: 49 | P67: 52
A68: 67 | B68: 40546 | C68: 1 | D68: 0 | E68: 1 | F68: 21 | G68: FALSE | H68: 1 | I68: 1 | J68: 0.18 | K68: 0.197 | L68: 0.64 | M68: 0.1343 | N68: 3 | O68: 49 | P68: 52
A69: 68 | B69: 40546 | C69: 1 | D69: 0 | E69: 1 | F69: 22 | G69: FALSE | H69: 1 | I69: 1 | J69: 0.14 | K69: 0.1515 | L69: 0.69 | M69: 0.1343 | N69: 0 | O69: 20 | P69: 20
A70: 69 | B70: 40546 | C70: 1 | D70: 0 | E70: 1 | F70: 23 | G70: FALSE | H70: 1 | I70: 1 | J70: 0.18 | K70: 0.2121 | L70: 0.55 | M70: 0.1045 | N70: 1 | O70: 11 | P70: 12
A71: 70 | B71: 40547 | C71: 1 | D71: 0 | E71: 1 | F71: 0 | G71: FALSE | H71: 2 | I71: 1 | J71: 0.16 | L71: 0.55 | M71: 0.1045 | N71: 0 | O71: 5 | P71: 5
A72: 71 | B72: 40547 | C72: 1 | D72: 0 | E72: 1 | F72: 1 | G72: FALSE | H72: 2 | I72: 1 | J72: 0.16 | K72: 0.1818 | L72: 0.59 | M72: 0.1045 | N72: 0 | O72: 2 | P72: 2
A73: 72 | B73: 40547 | C73: 1 | D73: 0 | E73: 1 | F73: 2 | G73: FALSE | H73: 2 | I73: 1 | J73: 0.14 | K73: 0.1515 | L73: 0.63 | M73: 0.1343 | N73: 0 | O73: 1 | P73: 1
A74: 73 | B74: 40547 | C74: 1 | D74: 0 | E74: 1 | F74: 4 | G74: FALSE | H74: 2 | I74: 1 | J74: 0.14 | K74: 0.1818 | L74: 0.63 | M74: 0.0896 | N74: 0 | O74: 2 | P74: 2
A75: 74 | B75: 40547 | C75: 1 | D75: 0 | E75: 1 | F75: 5 | G75: FALSE | H75: 2 | I75: 1 | J75: 0.12 | K75: 0.1515 | L75: 0.68 | M75: 0.1045 | N75: 0 | O75: 4 | P75: 4
A76: 75 | B76: 40547 | C76: 1 | D76: 0 | E76: 1 | F76: 6 | G76: FALSE | H76: 2 | I76: 1 | J76: 0.12 | K76: 0.1515 | L76: 0.74 | M76: 0.1045 | N76: 0 | O76: 36 | P76: 36
A77: 76 | B77: 40547 | C77: 1 | D77: 0 | E77: 1 | F77: 7 | G77: FALSE | H77: 2 | I77: 1 | J77: 0.12 | K77: 0.1515 | L77: 0.74 | M77: 0.1343 | N77: 2 | O77: 92 | P77: 94
A78: 77 | B78: 40547 | C78: 1 | D78: 0 | E78: 1 | F78: 8 | G78: FALSE | H78: 2 | I78: 1 | J78: 0.14 | K78: 0.1515 | L78: 0.69 | M78: 0.1642 | N78: 2 | O78: 177 | P78: 179
A79: 78 | B79: 40547 | C79: 1 | D79: 0 | E79: 1 | F79: 9 | G79: FALSE | H79: 2 | I79: 1 | J79: 0.16 | K79: 0.1515 | L79: 0.64 | M79: 0.2239 | N79: 2 | O79: 98 | P79: 100
A80: 79 | B80: 40547 | C80: 1 | D80: 0 | E80: 1 | F80: 10 | G80: FALSE | H80: 2 | I80: 2 | J80: 0.16 | K80: 0.1364 | L80: 0.69 | M80: 0.3284 | N80: 5 | O80: 37 | P80: 42
A81: 80 | B81: 40547 | C81: 1 | D81: 0 | E81: 1 | F81: 11 | G81: FALSE | H81: 2 | I81: 1 | J81: 0.22 | K81: 0.2121 | L81: 0.51 | M81: 0.2985 | N81: 7 | O81: 50 | P81: 57
A82: 81 | B82: 40547 | C82: 1 | D82: 0 | E82: 1 | F82: 12 | G82: FALSE | H82: 2 | I82: 1 | J82: 0.22 | K82: 0.2273 | L82: 0.51 | M82: 0.1642 | N82: 12 | O82: 66 | P82: 78
A83: 82 | B83: 40547 | C83: 1 | D83: 0 | E83: 1 | F83: 13 | G83: FALSE | H83: 2 | I83: 1 | J83: 0.24 | K83: 0.2273 | L83: 0.56 | M83: 0.194 | N83: 18 | O83: 79 | P83: 97
... A611: 610 | B611: 40571 | C611: 1 | D611: 0 | E611: 1 | F611: 15 | G611: FALSE | H611: 5 | I611: 2 | J611: 0.2 | K611: 0.2576 | L611: 0.86 | M611: 0 | N611: 1 | O611: 40 | P611: 41

Sheet Sheet5
A1: mnth2 | B1: weekday2 | C1: holiday2 | D1: weathersit | E1: temp | F1: atemp
A2: 1 | B2: 6 | C2: FALSE | D2: 1 | E2: 0.24 | F2: 0.2879
A3: 1 | B3: 6 | C3: FALSE | D3: 1 | E3: 0.22 | F3: 0.2727
A4: 1 | B4: 6 | C4: FALSE | D4: 1 | E4: 0.22 | F4: 0.2727
A5: 1 | B5: 6 | C5: FALSE | D5: 1 | E5: 0.24 | F5: 0.2879
A6: 1 | B6: 6 | C6: FALSE | D6: 1 | E6: 0.24 | F6: 0.2879
A7: 1 | B7: 6 | C7: FALSE | D7: 2 | E7: 0.24 | F7: 0.2576
A8: 1 | B8: 6 | C8: FALSE | D8: 1 | E8: 0.22 | F8: 0.2727
A9: 1 | B9: 6 | C9: FALSE | D9: 1 | E9: 0.2 | F9: 0.2576
A10: 1 | B10: 6 | C10: FALSE | D10: 1 | E10: 0.24
A11: 1 | B11: 6 | C11: FALSE | D11: 1 | E11: 0.32 | F11: 0.3485
A12: 1 | B12: 6 | C12: FALSE | D12: 1 | E12: 0.38 | F12: 0.3939
A13: 1 | B13: 6 | C13: FALSE | D13: 1 | E13: 0.36 | F13: 0.3333
A14: 1 | B14: 6 | C14: FALSE | D14: 1 | E14: 0.42 | F14: 0.4242
A15: 1 | B15: 6 | C15: FALSE | D15: 2 | E15: 0.46 | F15: 0.4545
A16: 1 | B16: 6 | C16: FALSE | D16: 2 | E16: 0.46 | F16: 0.4545
A17: 1 | B17: 6 | C17: FALSE | D17: 2 | E17: 0.44 | F17: 0.4394
A18: 1 | B18: 6 | C18: FALSE | D18: 2 | E18: 0.42 | F18: 0.4242
A19: 1 | B19: 6 | C19: FALSE | D19: 2 | E19: 0.44
A20: 1 | B20: 6 | C20: FALSE | D20: 3 | E20: 0.42 | F20: 0.4242
A21: 1 | B21: 6 | C21: FALSE | D21: 3 | E21: 0.42 | F21: 0.4242
A22: 1 | B22: 6 | C22: FALSE | D22: 2 | E22: 0.4 | F22: 0.4091
A23: 1 | B23: 6 | C23: FALSE | D23: 2 | E23: 0.4 | F23: 0.4091
A24: 1 | B24: 6 | C24: FALSE | D24: 2 | E24: 0.4 | F24: 0.4091
A25: 1 | B25: 6 | C25: FALSE | D25: 2 | E25: 0.46
A26: 1 | B26: 0 | C26: FALSE | D26: 2 | E26: 0.46 | F26: 0.4545
A27: 1 | B27: 0 | C27: FALSE | D27: 2 | E27: 0.44 | F27: 0.4394
A28: 1 | B28: 0 | C28: FALSE | D28: 2 | E28: 0.42 | F28: 0.4242
A29: 1 | B29: 0 | C29: FALSE | D29: 2 | E29: 0.46 | F29: 0.4545
A30: 1 | B30: 0 | C30: FALSE | D30: 2 | E30: 0.46
A31: 1 | B31: 0 | C31: FALSE | D31: 3 | E31: 0.42 | F31: 0.4242
A32: 1 | B32: 0 | C32: FALSE | D32: 2 | E32: 0.4 | F32: 0.4091
A33: 1 | B33: 0 | C33: FALSE | D33: 3 | E33: 0.4 | F33: 0.4091
A34: 1 | B34: 0 | C34: FALSE | D34: 2 | E34: 0.38
A35: 1 | B35: 0 | C35: FALSE | D35: 2 | E35: 0.36 | F35: 0.3485
A36: 1 | B36: 0 | C36: FALSE | D36: 2 | E36: 0.36 | F36: 0.3333
A37: 1 | B37: 0 | C37: FALSE | D37: 2 | E37: 0.36 | F37: 0.3333
A38: 1 | B38: 0 | C38: FALSE | D38: 2 | E38: 0.36 | F38: 0.3485
A39: 1 | B39: 0 | C39: FALSE | D39: 3 | E39: 0.36
A40: 1 | B40: 0 | C40: FALSE | D40: 3 | E40: 0.34 | F40: 0.3333
A41: 1 | B41: 0 | C41: FALSE | D41: 3 | E41: 0.34 | F41: 0.3333
A42: 1 | B42: 0 | C42: FALSE | D42: 1 | E42: 0.34 | F42: 0.3333
A43: 1 | B43: 0 | C43: FALSE | D43: 2 | E43: 0.36 | F43: 0.3333
A44: 1 | B44: 0 | C44: FALSE | D44: 1 | E44: 0.32 | F44: 0.2879
A45: 1 | B45: 0 | C45: FALSE | D45: 1 | E45: 0.3
A46: 1 | B46: 0 | C46: FALSE | D46: 1 | E46: 0.26 | F46: 0.2273
A47: 1 | B47: 0 | C47: FALSE | D47: 1 | E47: 0.24 | F47: 0.2121
A48: 1 | B48: 0 | C48: FALSE | D48: 1 | E48: 0.22 | F48: 0.2273
A49: 1 | B49: 1 | C49: FALSE | D49: 1 | E49: 0.22 | F49: 0.197
A50: 1 | B50: 1 | C50: FALSE | D50: 1 | E50: 0.2
A51: 1 | B51: 1 | C51: FALSE | D51: 1 | E51: 0.16 | F51: 0.1364
A52: 1 | B52: 1 | C52: FALSE | D52: 1 | E52: 0.16 | F52: 0.1364
A53: 1 | B53: 1 | C53: FALSE | D53: 1 | E53: 0.14 | F53: 0.1061
A54: 1 | B54: 1 | C54: FALSE | D54: 1 | E54: 0.14 | F54: 0.1364
A55: 1 | B55: 1 | C55: FALSE | D55: 1 | E55: 0.14 | F55: 0.1212
A56: 1 | B56: 1 | C56: FALSE | D56: 1 | E56: 0.16 | F56: 0.1364
A57: 1 | B57: 1 | C57: FALSE | D57: 1 | E57: 0.18 | F57: 0.1667
A58: 1 | B58: 1 | C58: FALSE | D58: 1 | E58: 0.2 | F58: 0.1818
A59: 1 | B59: 1 | C59: FALSE | D59: 1 | E59: 0.22 | F59: 0.2121
A60: 1 | B60: 1 | C60: FALSE | D60: 1 | E60: 0.24
A61: 1 | B61: 1 | C61: FALSE | D61: 1 | E61: 0.26 | F61: 0.2424
A62: 1 | B62: 1 | C62: FALSE | D62: 1 | E62: 0.26 | F62: 0.2424
A63: 1 | B63: 1 | C63: FALSE | D63: 1 | E63: 0.26 | F63: 0.2424
A64: 1 | B64: 1 | C64: FALSE | D64: 1 | E64: 0.24 | F64: 0.2273
A65: 1 | B65: 1 | C65: FALSE | D65: 1 | E65: 0.24 | F65: 0.2576
A66: 1 | B66: 1 | C66: FALSE | D66: 1 | E66: 0.2 | F66: 0.2576
A67: 1 | B67: 1 | C67: FALSE | D67: 1 | E67: 0.2
A68: 1 | B68: 1 | C68: FALSE | D68: 1 | E68: 0.18 | F68: 0.197
A69: 1 | B69: 1 | C69: FALSE | D69: 1 | E69: 0.14 | F69: 0.1515
A70: 1 | B70: 1 | C70: FALSE | D70: 1 | E70: 0.18 | F70: 0.2121
A71: 1 | B71: 2 | C71: FALSE | D71: 1 | E71: 0.16
A72: 1 | B72: 2 | C72: FALSE | D72: 1 | E72: 0.16 | F72: 0.1818
A73: 1 | B73: 2 | C73: FALSE | D73: 1 | E73: 0.14 | F73: 0.1515
A74: 1 | B74: 2 | C74: FALSE | D74: 1 | E74: 0.14 | F74: 0.1818
A75: 1 | B75: 2 | C75: FALSE | D75: 1 | E75: 0.12 | F75: 0.1515
A76: 1 | B76: 2 | C76: FALSE | D76: 1 | E76: 0.12 | F76: 0.1515
A77: 1 | B77: 2 | C77: FALSE | D77: 1 | E77: 0.12 | F77: 0.1515
A78: 1 | B78: 2 | C78: FALSE | D78: 1 | E78: 0.14 | F78: 0.1515
A79: 1 | B79: 2 | C79: FALSE | D79: 1 | E79: 0.16 | F79: 0.1515
A80: 1 | B80: 2 | C80: FALSE | D80: 2 | E80: 0.16 | F80: 0.1364
A81: 1 | B81: 2 | C81: FALSE | D81: 1 | E81: 0.22 | F81: 0.2121
A82: 1 | B82: 2 | C82: FALSE | D82: 1 | E82: 0.22 | F82: 0.2273
A83: 1 | B83: 2 | C83: FALSE | D83: 1 | E83: 0.24 | F83: 0.2273
... A1001: 2 | B1001: 1 | C1001: FALSE | D1001: 1 | E1001: 0.34 | F1001: 0.303

Sheet Detail1
A1: Details for Average of cnt - weekday: Sunday
A3: instant | B3: dteday | C3: season | D3: mnth | E3: hr | F3: holiday | G3: weekday | H3: Column1 | I3: TEMPERATURE | J3: temp | K3: atemp | L3: hum | M3: windspeed | N3: casual | O3: registered | P3: cnt
A4: 25 | B4: 40545 | C4: winter | D4: JANUARY | E4: 0 | F4: NO | G4: Sunday | H4: Afternoon | I4: 18.86 | J4: 0.46 | K4: 0.4545 | L4: 0.88 | M4: 0.2985 | N4: 4 | O4: 13 | P4: 17
A5: 26 | B5: 40545 | C5: winter | D5: JANUARY | E5: 1 | F5: NO | G5: Sunday | H5: Afternoon | I5: 18.04 | J5: 0.44 | K5: 0.4394 | L5: 0.94 | M5: 0.2537 | N5: 1 | O5: 16 | P5: 17
A6: 27 | B6: 40545 | C6: winter | D6: JANUARY | E6: 2 | F6: NO | G6: Sunday | H6: Afternoon | I6: 17.22 | J6: 0.42 | K6: 0.4242 | L6: 1 | M6: 0.2836 | N6: 1 | O6: 8 | P6: 9
A7: 28 | B7: 40545 | C7: winter | D7: JANUARY | E7: 3 | F7: NO | G7: Sunday | H7: Afternoon | I7: 18.86 | J7: 0.46 | K7: 0.4545 | L7: 0.94 | M7: 0.194 | N7: 2 | O7: 4 | P7: 6
A8: 29 | B8: 40545 | C8: winter | D8: JANUARY | E8: 4 | F8: NO | G8: Sunday | H8: Afternoon | I8: 18.86 | J8: 0.46 | L8: 0.94 | M8: 0.194 | N8: 2 | O8: 1 | P8: 3
A9: 30 | B9: 40545 | C9: winter | D9: JANUARY | E9: 6 | F9: NO | G9: Sunday | H9: Evening | I9: 17.22 | J9: 0.42 | K9: 0.4242 | L9: 0.77 | M9: 0.2985 | N9: 0 | O9: 2 | P9: 2
A10: 31 | B10: 40545 | C10: winter | D10: JANUARY | E10: 7 | F10: NO | G10: Sunday | H10: Afternoon | I10: 16.4 | J10: 0.4 | K10: 0.4091 | L10: 0.76 | M10: 0.194 | N10: 0 | O10: 1 | P10: 1
A11: 32 | B11: 40545 | C11: winter | D11: JANUARY | E11: 8 | F11: NO | G11: Sunday | H11: Evening | I11: 16.4 | J11: 0.4 | K11: 0.4091 | L11: 0.71 | M11: 0.2239 | N11: 0 | O11: 8 | P11: 8
A12: 33 | B12: 40545 | C12: winter | D12: JANUARY | E12: 9 | F12: NO | G12: Sunday | H12: Afternoon | I12: 15.58 | J12: 0.38 | L12: 0.76 | M12: 0.2239 | N12: 1 | O12: 19 | P12: 20
A13: 34 | B13: 40545 | C13: winter | D13: JANUARY | E13: 10 | F13: NO | G13: Sunday | H13: Afternoon | I13: 14.76 | J13: 0.36 | K13: 0.3485 | L13: 0.81 | M13: 0.2239 | N13: 7 | O13: 46 | P13: 53
A14: 35 | B14: 40545 | C14: winter | D14: JANUARY | E14: 11 | F14: NO | G14: Sunday | H14: Afternoon | I14: 14.76 | J14: 0.36 | K14: 0.3333 | L14: 0.71 | M14: 0.2537 | N14: 16 | O14: 54 | P14: 70
A15: 36 | B15: 40545 | C15: winter | D15: JANUARY | E15: 12 | F15: NO | G15: Sunday | H15: Afternoon | I15: 14.76 | J15: 0.36 | K15: 0.3333 | L15: 0.66 | M15: 0.2985 | N15: 20 | O15: 73 | P15: 93
A16: 37 | B16: 40545 | C16: winter | D16: JANUARY | E16: 13 | F16: NO | G16: Sunday | H16: Afternoon | I16: 14.76 | J16: 0.36 | K16: 0.3485 | L16: 0.66 | M16: 0.1343 | N16: 11 | O16: 64 | P16: 75
A17: 38 | B17: 40545 | C17: winter | D17: JANUARY | E17: 14 | F17: NO | G17: Sunday | H17: Evening | I17: 14.76 | J17: 0.36 | L17: 0.76 | M17: 0.194 | N17: 4 | O17: 55 | P17: 59
A18: 39 | B18: 40545 | C18: winter | D18: JANUARY | E18: 15 | F18: NO | G18: Sunday | H18: Evening | I18: 13.94 | J18: 0.34 | K18: 0.3333 | L18: 0.81 | M18: 0.1642 | N18: 19 | O18: 55 | P18: 74
A19: 40 | B19: 40545 | C19: winter | D19: JANUARY | E19: 16 | F19: NO | G19: Sunday | H19: Evening | I19: 13.94 | J19: 0.34 | K19: 0.3333 | L19: 0.71 | M19: 0.1642 | N19: 9 | O19: 67 | P19: 76
A20: 41 | B20: 40545 | C20: winter | D20: JANUARY | E20: 17 | F20: NO | G20: Sunday | H20: Morning | I20: 13.94 | J20: 0.34 | K20: 0.3333 | L20: 0.57 | M20: 0.194 | N20: 7 | O20: 58 | P20: 65
A21: 42 | B21: 40545 | C21: winter | D21: JANUARY | E21: 18 | F21: NO | G21: Sunday | H21: Afternoon | I21: 14.76 | J21: 0.36 | K21: 0.3333 | L21: 0.46 | M21: 0.3284 | N21: 10 | O21: 43 | P21: 53
A22: 43 | B22: 40545 | C22: winter | D22: JANUARY | E22: 19 | F22: NO | G22: Sunday | H22: Morning | I22: 13.12 | J22: 0.32 | K22: 0.2879 | L22: 0.42 | M22: 0.4478 | N22: 1 | O22: 29 | P22: 30
A23: 44 | B23: 40545 | C23: winter | D23: JANUARY | E23: 20 | F23: NO | G23: Sunday | H23: Morning | I23: 12.3 | J23: 0.3 | L23: 0.39 | M23: 0.3582 | N23: 5 | O23: 17 | P23: 22
A24: 45 | B24: 40545 | C24: winter | D24: JANUARY | E24: 21 | F24: NO | G24: Sunday | H24: Morning | I24: 10.66 | J24: 0.26 | K24: 0.2273 | L24: 0.44 | M24: 0.3284 | N24: 11 | O24: 20 | P24: 31
A25: 46 | B25: 40545 | C25: winter | D25: JANUARY | E25: 22 | F25: NO | G25: Sunday | H25: Morning | I25: 9.84 | J25: 0.24 | K25: 0.2121 | L25: 0.44 | M25: 0.2985 | N25: 0 | O25: 9 | P25: 9
A26: 47 | B26: 40545 | C26: winter | D26: JANUARY | E26: 23 | F26: NO | G26: Sunday | H26: Morning | I26: 9.02 | J26: 0.22 | K26: 0.2273 | L26: 0.47 | M26: 0.1642 | N26: 0 | O26: 8 | P26: 8
A27: 186 | B27: 40552 | C27: winter | D27: JANUARY | E27: 0 | F27: NO | G27: Sunday | H27: Morning | I27: 4.1 | J27: 0.1 | K27: 0.0758 | L27: 0.42 | M27: 0.3881 | N27: 1 | O27: 24 | P27: 25
A28: 187 | B28: 40552 | C28: winter | D28: JANUARY | E28: 1 | F28: NO | G28: Sunday | H28: Morning | I28: 4.1 | J28: 0.1 | K28: 0.0606 | L28: 0.42 | M28: 0.4627 | N28: 0 | O28: 12 | P28: 12
A29: 188 | B29: 40552 | C29: winter | D29: JANUARY | E29: 2 | F29: NO | G29: Sunday | H29: Morning | I29: 4.1 | J29: 0.1 | K29: 0.0606 | L29: 0.46 | M29: 0.4627 | N29: 0 | O29: 11 | P29: 11
A30: 189 | B30: 40552 | C30: winter | D30: JANUARY | E30: 3 | F30: NO | G30: Sunday | H30: Morning | I30: 4.1 | J30: 0.1 | K30: 0.0758 | L30: 0.46 | M30: 0.4179 | N30: 0 | O30: 4 | P30: 4
A31: 190 | B31: 40552 | C31: winter | D31: JANUARY | E31: 4 | F31: NO | G31: Sunday | H31: Morning | I31: 3.28 | J31: 0.08 | K31: 0.0909 | L31: 0.53 | M31: 0.194 | N31: 0 | O31: 1 | P31: 1
A32: 191 | B32: 40552 | C32: winter | D32: JANUARY | E32: 5 | F32: NO | G32: Sunday | H32: Morning | I32: 3.28 | J32: 0.08 | K32: 0.0909 | L32: 0.53 | M32: 0.194 | N32: 0 | O32: 1 | P32: 1
A33: 192 | B33: 40552 | C33: winter | D33: JANUARY | E33: 6 | F33: NO | G33: Sunday | H33: Morning | I33: 4.1 | J33: 0.1 | K33: 0.0909 | L33: 0.49 | M33: 0.2836 | N33: 0 | O33: 1 | P33: 1
A34: 193 | B34: 40552 | C34: winter | D34: JANUARY | E34: 7 | F34: NO | G34: Sunday | H34: Morning | I34: 3.28 | J34: 0.08 | K34: 0.0909 | L34: 0.53 | M34: 0.194 | N34: 1 | O34: 5 | P34: 6
A35: 194 | B35: 40552 | C35: winter | D35: JANUARY | E35: 8 | F35: NO | G35: Sunday | H35: Morning | I35: 4.1 | J35: 0.1 | K35: 0.0909 | L35: 0.49 | M35: 0.2836 | N35: 0 | O35: 10 | P35: 10
... A167: 992 | B167: 40587 | C167: winter | D167: FEBRUARY | E167: 23 | F167: NO | G167: Sunday | H167: Morning | I167: 16.4 | J167: 0.4 | K167: 0.4091 | L167: 0.35 | M167: 0.3582 | N167: 3 | O167: 27 | P167: 30

Sheet Sheet2
A3: Row Labels | B3: Sum of registered
A4: 01-Jan | B4: 654
A5: 02-Jan | B5: 670
A6: 03-Jan | B6: 1229
A7: 04-Jan | B7: 1454
A8: 05-Jan | B8: 1518
A9: 06-Jan | B9: 1518
A10: 07-Jan | B10: 1362
A11: 08-Jan | B11: 891
A12: 09-Jan | B12: 768
A13: 10-Jan | B13: 1280
A14: 11-Jan | B14: 1220
A15: 12-Jan | B15: 1137
... A49: Grand Total | B49: 53383

Sheet Sheet3

Sheet Sheet4
A3: Row Labels | B3: Average of hum | C3: Average of windspeed | D3: Sum of registered
A4: Sunday | B4: 0.54176829 | C4: 0.21769817 | D4: 6644
A5: Monday | B5: 0.54503356 | C5: 0.18191007 | D5: 7916
A6: Tuesday | B6: 0.67086614 | C6: 0.16559843 | D6: 7926
A7: Wednesday | B7: 0.6419084 | C7: 0.23801603 | D7: 7705
A8: Thursday | B8: 0.49408 | C8: 0.2111136 | D8: 8126
A9: Friday | B9: 0.56268116 | C9: 0.16980725 | D9: 8543
A10: Saturday | B10: 0.62481928 | C10: 0.18126807 | D10: 6523
A11: Grand Total | B11: 0.58248 | C11: 0.1949313 | D11: 53383
A15: Row Labels | B15: Average of hum | C15: Average of temp
A16: Jan
A17: 01-Jan | B17: 0.80583333 | C17: 0.34416667
A18: 02-Jan | B18: 0.69608696 | C18: 0.36347826
A19: 03-Jan | B19: 0.43727273 | C19: 0.19636364
A20: 04-Jan | B20: 0.59043478 | C20: 0.2
A21: 05-Jan | B21: 0.43695652 | C21: 0.22695652
A22: 06-Jan | B22: 0.51826087 | C22: 0.20434783
A23: 07-Jan | B23: 0.49869565 | C23: 0.19652174
A24: 08-Jan | B24: 0.53583333 | C24: 0.165 | E24: Row Labels
A25: 09-Jan | B25: 0.43416667 | C25: 0.13833333 | E25: Clear Sky
A26: 10-Jan | B26: 0.48291667 | C26: 0.15083333 | E26: Dark Cloud
A27: 11-Jan | B27: 0.68636364 | C27: 0.16909091 | E27: Heavy Rainfall
A28: 12-Jan | B28: 0.59954545 | C28: 0.17272727 | E28: Mist
A29: 13-Jan | B29: 0.47041667 | C29: 0.165 | E29: Grand Total
A30: 14-Jan | B30: 0.53782609 | C30: 0.16086957
A31: 15-Jan | B31: 0.49875 | C31: 0.23333333
A32: 16-Jan | B32: 0.48375 | C32: 0.23166667
A33: 17-Jan | B33: 0.5375 | C33: 0.17583333
A34: 18-Jan | B34: 0.86166667 | C34: 0.21666667
A35: 19-Jan | B35: 0.74173913 | C35: 0.29217391
A36: 20-Jan | B36: 0.53833333 | C36: 0.26166667
A37: 21-Jan | B37: 0.45708333 | C37: 0.1775
A38: 22-Jan | B38: 0.4 | C38: 0.059130435
A39: 23-Jan | B39: 0.43652174 | C39: 0.096521739
A40: 24-Jan | B40: 0.49173913 | C40: 0.097391304
A41: 25-Jan | B41: 0.61695652 | C41: 0.22347826
... A47: 31-Jan | B47: 0.60375 | C47: 0.18083333
A48: Feb
A49: 01-Feb | B49: 0.82956522 | C49: 0.19217391
A50: 02-Feb | B50: 0.77541667 | C50: 0.26
A51: 03-Feb | B51: 0.43782609 | C51: 0.18695652
A52: 04-Feb | B52: 0.58521739 | C52: 0.21130435
A53: 05-Feb | B53: 0.92916667 | C53: 0.23333333
A54: 06-Feb | B54: 0.56833333 | C54: 0.28583333
A55: 07-Feb | B55: 0.73833333 | C55: 0.27166667
A56: 08-Feb | B56: 0.53791667 | C56: 0.22083333
A57: 09-Feb | B57: 0.49478261 | C57: 0.13478261
A58: 10-Feb | B58: 0.4373913 | C58: 0.14434783
A59: 11-Feb | B59: 0.50636364 | C59: 0.18909091
A60: 12-Feb | B60: 0.54416667 | C60: 0.2225
... A63: Grand Total | B63: 0.58248 | C63: 0.2059

Sheet Sheet1
A3: Row Labels | B3: Sum of cnt
A4: NO | B4: 57304
A5: Sunday | B5: 8121
A6: Monday | B6: 7450
A7: Tuesday | B7: 8383
A8: Wednesday | B8: 8049
A9: Thursday | B9: 8458
A10: Friday | B10: 9095
A11: Saturday | B11: 7748
A12: YES | B12: 1000
A13: Monday | B13: 1000
A14: Grand Total | B14: 58304
B19: Row Labels | C19: Average of cnt
B20: Jan
B21: 01-Jan
B22: 40544 | C22: 41.041667
B23: Afternoon | C23: 60.8
B24: Evening | C24: 36
B25: Morning | C25: 25.416667
B26: 02-Jan
B27: 40545 | C27: 34.826087
B28: Afternoon | C28: 34.75
B29: Evening | C29: 43.8
B30: Morning | C30: 27.5
B31: Grand Total | C31: 38

Sheet final data
A1: instant | B1: dteday | C1: season | D1: mnth | E1: hr | F1: holiday | G1: weekday | H1: Weather | I1: TEMPERATURE | J1: hum | K1: windspeed | L1: casual | M1: registered | N1: cnt
A2: 1 | B2: 40544 | C2: winter | D2: {=_xlfn.SWITCH(Sheet5!A2,1,"JANUARY",2,"FEBRUARY")} -> JANUARY | E2: 0 | F2: {=_xlfn.SWITCH(Sheet5!C2,FALSE,"NO",TRUE,"YES")} -> NO | G2: {=_xlfn.SWITCH(Sheet5!B2,0,"Sunday",1,"Monday",2,"Tuesday",3,"Wednesday",4,"Thursday",5,"Friday",6,"Saturday")} -> Saturday | H2: {=_xlfn.SWITCH(Sheet5!D2, 1, "Clear Sky", 2, "Mist", 3, "Dark Cloud",4,"Heavy Rainfall")} -> Clear Sky | I2: =Sheet5!E2*41 -> 9.84 | J2: 0.81 | K2: 0 | L2: 3 | M2: 13 | N2: 16
A3: 2 | B3: 40544 | C3: winter | D3: {=_xlfn.SWITCH(Sheet5!A3,1,"JANUARY",2,"FEBRUARY")} -> JANUARY | E3: 1 | F3: {=_xlfn.SWITCH(Sheet5!C3,FALSE,"NO",TRUE,"YES")} -> NO | G3: {=_xlfn.SWITCH(Sheet5!B3,0,"Sunday",1,"Monday",2,"Tuesday",3,"Wednesday",4,"Thursday",5,"Friday",6,"Saturday")} -> Saturday | H3: {=_xlfn.SWITCH(Sheet5!D3, 1, "Clear Sky", 2, "Mist", 3, "Dark Cloud",4,"Heavy Rainfall")} -> Clear Sky | I3: =Sheet5!E3*41 -> 9.02 | J3: 0.8 | K3: 0 | L3: 8 | M3: 32 | N3: 40
A4: 3 | B4: 40544 | C4: winter | D4: {=_xlfn.SWITCH(Sheet5!A4,1,"JANUARY",2,"FEBRUARY")} -> JANUARY | E4: 2 | F4: {=_xlfn.SWITCH(Sheet5!C4,FALSE,"NO",TRUE,"YES")} -> NO | G4: {=_xlfn.SWITCH(Sheet5!B4,0,"Sunday",1,"Monday",2,"Tuesday",3,"Wednesday",4,"Thursday",5,"Friday",6,"Saturday")} -> Saturday | H4: {=_xlfn.SWITCH(Sheet5!D4, 1, "Clear Sky", 2, "Mist", 3, "Dark Cloud",4,"Heavy Rainfall")} -> Clear Sky | I4: =Sheet5!E4*41 -> 9.02 | J4: 0.8 | K4: 0 | L4: 5 | M4: 27 | N4: 32
A5: 4 | B5: 40544 | C5: winter | D5: {=_xlfn.SWITCH(Sheet5!A5,1,"JANUARY",2,"FEBRUARY")} -> JANUARY | E5: 3 | F5: {=_xlfn.SWITCH(Sheet5!C5,FALSE,"NO",TRUE,"YES")} -> NO | G5: {=_xlfn.SWITCH(Sheet5!B5,0,"Sunday",1,"Monday",2,"Tuesday",3,"Wednesday",4,"Thursday",5,"Friday",6,"Saturday")} -> Saturday | H5: {=_xlfn.SWITCH(Sheet5!D5, 1, "Clear Sky", 2, "Mist", 3, "Dark Cloud",4,"Heavy Rainfall")} -> Clear Sky | I5: =Sheet5!E5*41 -> 9.84 | J5: 0.75 | K5: 0 | L5: 3 | M5: 10 | N5: 13
A6: 5 | B6: 40544 | C6: winter | D6: {=_xlfn.SWITCH(Sheet5!A6,1,"JANUARY",2,"FEBRUARY")} -> JANUARY | E6: 4 | F6: {=_xlfn.SWITCH(Sheet5!C6,FALSE,"NO",TRUE,"YES")} -> NO | G6: {=_xlfn.SWITCH(Sheet5!B6,0,"Sunday",1,"Monday",2,"Tuesday",3,"Wednesday",4,"Thursday",5,"Friday",6,"Saturday")} -> Saturday | H6: {=_xlfn.SWITCH(Sheet5!D6, 1, "Clear Sky", 2, "Mist", 3, "Dark Cloud",4,"Heavy Rainfall")} -> Clear Sky | I6: =Sheet5!E6*41 -> 9.84 | J6: 0.75 | K6: 0 | L6: 0 | M6: 1 | N6: 1
A7: 6 | B7: 40544 | C7: winter | D7: {=_xlfn.SWITCH(Sheet5!A7,1,"JANUARY",2,"FEBRUARY")} -> JANUARY | E7: 5 | F7: {=_xlfn.SWITCH(Sheet5!C7,FALSE,"NO",TRUE,"YES")} -> NO | G7: {=_xlfn.SWITCH(Sheet5!B7,0,"Sunday",1,"Monday",2,"Tuesday",3,"Wednesday",4,"Thursday",5,"Friday",6,"Saturday")} -> Saturday | H7: {=_xlfn.SWITCH(Sheet5!D7, 1, "Clear Sky", 2, "Mist", 3, "Dark Cloud",4,"Heavy Rainfall")} -> Mist | I7: =Sheet5!E7*41 -> 9.84 | J7: 0.75 | K7: 0.0896 | L7: 0 | M7: 1 | N7: 1
A8: 7 | B8: 40544 | C8: winter | D8: {=_xlfn.SWITCH(Sheet5!A8,1,"JANUARY",2,"FEBRUARY")} -> JANUARY | E8: 6 | F8: {=_xlfn.SWITCH(Sheet5!C8,FALSE,"NO",TRUE,"YES")} -> NO | G8: {=_xlfn.SWITCH(Sheet5!B8,0,"Sunday",1,"Monday",2,"Tuesday",3,"Wednesday",4,"Thursday",5,"Friday",6,"Saturday")} -> Saturday | H8: {=_xlfn.SWITCH(Sheet5!D8, 1, "Clear Sky", 2, "Mist", 3, "Dark Cloud",4,"Heavy Rainfall")} -> Clear Sky | I8: =Sheet5!E8*41 -> 9.02 | J8: 0.8 | K8: 0 | L8: 2 | M8: 0 | N8: 2
A9: 8 | B9: 40544 | C9: winter | D9: {=_xlfn.SWITCH(Sheet5!A9,1,"JANUARY",2,"FEBRUARY")} -> JANUARY | E9: 7 | F9: {=_xlfn.SWITCH(Sheet5!C9,FALSE,"NO",TRUE,"YES")} -> NO | G9: {=_xlfn.SWITCH(Sheet5!B9,0,"Sunday",1,"Monday",2,"Tuesday",3,"Wednesday",4,"Thursday",5,"Friday",6,"Saturday")} -> Saturday | H9: {=_xlfn.SWITCH(Sheet5!D9, 1, "Clear Sky", 2, "Mist", 3, "Dark Cloud",4,"Heavy Rainfall")} -> Clear Sky | I9: =Sheet5!E9*41 -> 8.2 | J9: 0.86 | K9: 0 | L9: 1 | M9: 2 | N9: 3
A10: 9 | B10: 40544 | C10: winter | D10: {=_xlfn.SWITCH(Sheet5!A10,1,"JANUARY",2,"FEBRUARY")} -> JANUARY | E10: 8 | F10: {=_xlfn.SWITCH(Sheet5!C10,FALSE,"NO",TRUE,"YES")} -> NO | G10: {=_xlfn.SWITCH(Sheet5!B10,0,"Sunday",1,"Monday",2,"Tuesday",3,"Wednesday",4,"Thursday",5,"Friday",6,"Saturday")} -> Saturday | H10: {=_xlfn.SWITCH(Sheet5!D10, 1, "Clear Sky", 2, "Mist", 3, "Dark Cloud",4,"Heavy Rainfall")} -> Clear Sky | I10: =Sheet5!E10*41 -> 9.84 | J10: 0.75 | K10: 0 | L10: 1 | M10: 7 | N10: 8
A11: 10 | B11: 40544 | C11: winter | D11: {=_xlfn.SWITCH(Sheet5!A11,1,"JANUARY",2,"FEBRUARY")} -> JANUARY | E11: 9 | F11: {=_xlfn.SWITCH(Sheet5!C11,FALSE,"NO",TRUE,"YES")} -> NO | G11: {=_xlfn.SWITCH(Sheet5!B11,0,"Sunday",1,"Monday",2,"Tuesday",3,"Wednesday",4,"Thursday",5,"Friday",6,"Saturday")} -> Saturday | H11: {=_xlfn.SWITCH(Sheet5!D11, 1, "Clear Sky", 2, "Mist", 3, "Dark Cloud",4,"Heavy Rainfall")} -> Clear Sky | I11: =Sheet5!E11*41 -> 13.12 | J11: 0.76 | K11: 0 | L11: 8 | M11: 6 | N11: 14
A12: 11 | B12: 40544 | C12: winter | D12: {=_xlfn.SWITCH(Sheet5!A12,1,"JANUARY",2,"FEBRUARY")} -> JANUARY | E12: 10 | F12: {=_xlfn.SWITCH(Sheet5!C12,FALSE,"NO",TRUE,"YES")} -> NO | G12: {=_xlfn.SWITCH(Sheet5!B12,0,"Sunday",1,"Monday",2,"Tuesday",3,"Wednesday",4,"Thursday",5,"Friday",6,"Saturday")} -> Saturday | H12: {=_xlfn.SWITCH(Sheet5!D12, 1, "Clear Sky", 2, "Mist", 3, "Dark Cloud",4,"Heavy Rainfall")} -> Clear Sky | I12: =Sheet5!E12*41 -> 15.58 | J12: 0.76 | K12: 0.2537 | L12: 12 | M12: 24 | N12: 36
A13: 12 | B13: 40544 | C13: winter | D13: {=_xlfn.SWITCH(Sheet5!A13,1,"JANUARY",2,"FEBRUARY")} -> JANUARY | E13: 11 | F13: {=_xlfn.SWITCH(Sheet5!C13,FALSE,"NO",TRUE,"YES")} -> NO | G13: {=_xlfn.SWITCH(Sheet5!B13,0,"Sunday",1,"Monday",2,"Tuesday",3,"Wednesday",4,"Thursday",5,"Friday",6,"Saturday")} -> Saturday | H13: {=_xlfn.SWITCH(Sheet5!D13, 1, "Clear Sky", 2, "Mist", 3, "Dark Cloud",4,"Heavy Rainfall")} -> Clear Sky | I13: =Sheet5!E13*41 -> 14.76 | J13: 0.81 | K13: 0.2836 | L13: 26 | M13: 30 | N13: 56
... A1001: 1000 | B1001: 40588 | C1001: winter | D1001: {=_xlfn.SWITCH(Sheet5!A1001,1,"JANUARY",2,"FEBRUARY")} -> FEBRUARY | E1001: 7 | F1001: {=_xlfn.SWITCH(Sheet5!C1001,FALSE,"NO",TRUE,"YES")} -> NO | G1001: {=_xlfn.SWITCH(Sheet5!B1001,0,"Sunday",1,"Monday",2,"Tuesday",3,"Wednesday",4,"Thursday",5,"Friday",6,"Saturday")} -> Monday | H1001: {=_xlfn.SWITCH(Sheet5!D1001, 1, "Clear Sky", 2, "Mist", 3, "Dark Cloud",4,"Heavy Rainfall")} -> Clear Sky | I1001: =Sheet5!E1001*41 -> 13.94 | J1001: 0.46 | K1001: 0.2985 | L1001: 2 | M1001: 96 | N1001: 98
A1002: Total | N1002: =SUBTOTAL(109,Append1[cnt]) -> 58304

Sheet Dashboard
